n	doc_id	typ	mistse_podii	inshi_mistsia
1	132233270	H	пр-т Петра Григоренка, 40 в м. Києві	придбання й затримання там само
2	118024582	H	вул.Вадима Гетьмана, 1
3	116734158	T		фабула обрізана: «01 лютого 2024 року м. Київ»
4	128534531	H	вул. Закревського, 27/2 у дворі будинку, біля дитячого майданчику
5	128321093	A	по АДРЕСА_1
6	117721582	H	магазину «Аврора 2120», розташованого за адресою: м. Київ, просп. Оболонський, 52-Б
7	128684576	H	по вул. Васильківська, 36
8	132966210	H	ТРЦ «Гулівер», розташованого за адресою: м. Київ, пл. Спортивна 1-а
9	132769756	A	за адресою АДРЕСА_2	лайка на поліцейських
10	120137742	H	магазину «Сільпо», розташованого за адресою: м. Київ, вул. Харківське шосе, 168
11	126713799	O	вестибюлі зазначеної станції метро («Святошин»)	придбання — неподалік станції, біля смітника; потім «кімната поліції»
12	139814489	O	вул. Райдужна, зона відпочинку озера «Райдужне», альтанка
13	130843810	H	по вул. Лаврська, 24
14	137035370	H	за адресою: м. Київ, вул. Академіка Єфремова, буд.3	лайка на поліцейських
15	124280622	H	за адресою: м. Київ, вул. Івана Сергієнка, 3, працівниками поліції було зупинено	придбання — вул. Князя Романа Мстиславовича, парк «Перемога» (S); обшук — там само, де зупинено
16	124119540	H	по вулиці Хрещатик, 18/2
17	134079864	X	на перехресті вул. Анни Ахматової та просп. Петра Григоренка
18	139300508	H	на вул. Сєченова поблизу будинку № 10 корп. 1	придбання й затримання там само
19	127992271	A	за адресою: АДРЕСА_2 ОСОБА_3 … зупинили працівники поліції	придбання — пр-т Європейського Союзу, 17 (H)
20	139333489	H	вулиця Воскресенський Узвіз 27
21	117914054	A	за адресою: АДРЕСА_2 … на загальному коридорі багатоквартирного будинку
22	121727402	A	біля будинку АДРЕСА_2
23	132998055	H	по вул. Новопирогівська, 29
24	136654142	H	по дорозі Кільцевій - малій Кільцевій 4А	назва вулиці неоднозначна
25	134528145	H	пл.. Вокзальна, 1
26	127654838	S	по дорозі АДМ 06 «Київ-Чоп»
27	116151190	S	вул. Велика Кільцева дорога, а саме поблизу проїжджої частини	придбання — «невстановлене місце»
28	122607833	S	на Кільцевій дорозі (вул.Трублаїні)
29	129861956	H	по проспекту Степана Бандери, 8
30	128216864	H	за адресою: м. Київ, вул. Миколайчука, 9
31	139403147	H	за адресою: місто Київ, вулиця Салютна, 2, був зупинений	придбання — невстановлене місце; обшук — там само
32	138039618	H	поштомату № 5478 «Нової пошти», за адресою: м. Київ, вул. Богатирська, 2	місце затримання не названо
33	121794612	N		лише «при зупинці транспортного засобу»
34	128751316	H	пр.-т. Академіка Палладіна, 7
35	119492053	S	по пр.Р.Шухевича
36	135428399	H	по вул. Кільцева дорога, 3, при виїзді на нерегульоване перехрестя
37	119762051	S	по вул. П. Радзіня
38	132100394	S	на пл. Деміївська
39	131559066	H	вул. Празька, 21, на дитячому майданчику
40	128217062	H	на пл. Спортивна, 1-а
41	139115940	O	станції метрополітену «Деміївська» … у вестибюлі станції	придбання — невстановлене місце
42	127579348	H	вул. Саксаганського 45
43	136465789	H	по пр-ту Голосіївському 56
44	127779416	H	по вул. Фізкультури 30 … біля рекламного агентства «СІГМА»
45	130843625	T		фабула — шапка RTF
46	130726348	H	за адресою: м. Київ, вул. Молдавська, 2	придбання, затримання й обшук там само
47	129238486	A	за адресою: АДРЕСА_3	доставлений до ДКЛ №1 — лікарня, не місце події
48	139814620	H	на вул. Зодчих 5А
49	131408874	H	магазину «Аврора», що знаходиться за адресою: м. Київ, вул. Райдужна, 8
50	132019957	H	кав`ярні « Булки », що розташована за адресою: м. Київ, вул. Євгена Сверстюка, 6-Б
51	131708846	S	по вулиці Столичне шосе 103 км	кілометр траси, не будинок
52	122566930	H	по пр-ту С. Бандери 29-а	огляд у КНП «Соціотерапія» — лікарня, не місце події
53	136724520	H	біля буд. № 7 по вул. Олевській	придбання — лісосмуга поблизу вул. Олевської
54	122947727	H	на вул. Паустовського, 41 … зупинена
55	123598973	A	поблизу житлового будинку АДРЕСА_2
56	130037148	H	біля клубу «Ліфт», за адресою: м. Київ, вул. Паньківська, 21
57	123532995	H	поблизку будинку 84 по пр-ту Голосіївському
58	122579237	T		фабула обрізана: «23 жовтня 2024 року м. Київ»
59	133521587	H	за адресою м. Київ, проспект Червоної Калини, 26
60	122607751	H	на вул. Воздвиженській, буд. 2/1
61	129503021	H	за адресою: м. Київ, вул. Сагайдачного, 41
62	119398104	A	закладу громадського харчування … за адресою: АДРЕСА_2
63	120057840	A	знаходився за адресою: АДРЕСА_3 , зупинено працівниками поліції	обшук — вул. Ярославів Вал, 8 (H), інше місце, ніж зупинка
64	118927616	A	лісопаркової зони за адресою: АДРЕСА_3
65	120894275	H	по вул. Щусєва, 2/19 … в залі грального бізнесу
66	130566980	H	за адресою: м. Київ, вул. Тростянецька, 2
67	118166588	H	за адресою: м. Київ, вул. Васильківська, 27	лайка на поліцейських
68	133963967	H	на вул. Левандовського, 17
69	119035183	H	за адресою: м. Київ, пр-т Голосіївський, 15	у під'їзді, сусіди
70	126747163	N		фабула обривається до місця; придбання — невстановлене місце
71	134001452	A	під`їзду № 6 в будинку АДРЕСА_2
72	133522126	H	по вул.Спортивній 1-А
73	127591151	S	в районі б-ру Тараса Шевченка
74	124513915	H	магазину «Аврора», розташованого за адресою: м. Київ, просп. Оболонський, 52-Б
75	117461042	T		фабула обрізана
76	123597556	H	за адресою: м. Київ, вул. Гарматна, 55 була затримана	придбання — парк НАУ, пр. Л.Гузара, 1 (H), інша адреса
77	137848042	H	на автомобільній стоянці, що по пр. Академіка Корольова, 12А	зняття грошей — вул. Симиренка, 17А (H), другий епізод
78	124012240	H	за адресою: м. Київ, вул. Велика Васильківська, буд. 5
79	120388025	H	на пр. Романа Шухевича, 32	лайка на поліцейських
80	119320153	A	біля буд. АДРЕСА_3	придбання — неподалік від буд. АДРЕСА_4
81	135475317	H	по пр-кту Берестейському, 88
82	138296560	H	прогулюючись за адресою: місто Київ, бульвар Верховної Ради, 14, на землі побачила	це місце придбання; місце затримання у фабулі не дійшло
83	132623420	H	біля будівлі за адресою: м. Київ, вул. Живописна, 14
84	137345068	H	за адресою: м. Київ, бул. Жуля Верна 14
85	120768200	H	по пр-ту Л. Курбаса, 1-А
86	118488485	O	у вагоні №5283 електропотягу … на станцію метро «Лівобережна»
87	138483041	O	на станції метро Лісова
88	117558117	H	магазину «Білла», який розташований за адресою: м. Києві, площа Дарницька, 1
89	116634244	H	по бул. М. Міхновського, 35
90	122326596	H	за адресою: м. Київ, вул. Корольова, 10-В, перебувала у парковій зоні
91	121490417	A	за адресою: АДРЕСА_1
92	117196139	S	за адресою: м. Київ, просп. Голосіївському
93	134819677	H	пр. Валерія Лобановського, 140
94	130695485	H	за адресою - м. Київ, вул. Михайлівська, 21, під час проведення мітингу
95	120294033	H	за адресою: м. Київ, вул. Заболотного, буд. 20а
96	119132318	H	на вул. Болсуновській, 31/37
97	120240034	H	по бульв. В. Гавела, 18
98	124928187	H	за адресою: м. Київ, вул. Горіхуватський шлях, буд. 4 був затриманий	придбання — невстановлене місце
99	120603846	H	по вул. Ф.Ернста, 2
100	119829529	H	біля ресторану «Суши-майстер», за адресою: м. Київ, вул. Харківське шосе, 158-К
101	119713265	A	Прибувши за кінцевою адресою, а саме, АДРЕСА_3	телефон забрано — пр-т Червоної Калини (S), інше місце
102	129355934	H	за адресою: місто Київ, пл. Майдан Незалежності, 1 … на оглядовому майданчику
103	122695893	N		лише про складання протоколу
104	139890392	S	за адресою: вул. Петра Радзіня
105	138651196	H	магазину «Аврора», розташованого за адресою: м. Київ, вул. Олександра Довженка, 1
106	123823743	H	до кабінету головного лікаря КНП «Київська міська дитяча клінічна інфекційна лікарня», розташованого за адресою: м. Київ, вул. Дегтярівська, 23	установа — сама місце події (крадіжка з лікарні)
107	119003526	H	в магазині «Сільпо», що в м. Києві по вул. Мішуги,4	чотири епізоди там само
108	133817364	N		процесуальне (виправлення описки)
109	123239019	H	за адресою: м. Київ, вул. Підлісна, 1, магазин «Сільпо»
110	122248821	H	по вул. Зарічна, 13 Б
111	134269203	H	по пр. Л. Курбаса, 1А
112	118192317	T		фабула обрізана до місця
113	135708688	O	в м. Києві, міст Південний
114	122018020	A	за адресою: АДРЕСА_2 … біля школи № 248	об'єкт названо, адресу знеособлено
115	120295625	H	магазину « Аврора » в м. Києві по вул. Булгакова, 11
116	130641567	H	за адресою: м. Київ, вул. Петра Сагайдачного, буд. 37
117	120675387	A	в сквері ім.. О. Теліги, розташованому за адресою: АДРЕСА_2	об'єкт названо, адресу знеособлено
118	117390959	X	по вул. М. Драгоманова у м. Києві, перед поворотом праворуч на вул. О. Пчілки
119	118485441	H	по вул. Набережно-Рибальська, 3
120	130939627	H	за адресою: м.Київ, пр-т Берестейський, 45, на зупинці громадського транспорту
121	120244575	A	торгівельного центру «Закревський», що розташований за адресою: АДРЕСА_2	ТЦ знеособлено як приватну адресу
122	118611825	H	по пр-ту Берестейському, 123
123	125243582	P	протокол … складений 08.06.2024 о 06:10 на вул. Прирічній, 37	названо лише місце складання протоколу
124	123515069	H	по вул. Радунська, 40/9
125	126216337	H	за адресою: м. Київ. вул. Вишгородська, буд. 47А
126	125364883	H	за адресою: м. Київ, вул. . Є. Коновальця, 32-г	доставлена до КНП «КМДКЛ №2», вул. А. Навої, 3 (H) — лікарня, не місце події
127	116571772	X	на перехресті вул. Набережно-Хрещатицька та вул. Спаська
128	124004429	H	за адресою: місто Київ, просп. Берестейський, буд. 80/57
129	121607904	H	по вул. Харківське шосе, 55
130	131095820	N		процесуальне (привід); АДРЕСА_2 — проживання
131	119492083	H	працівниками поліції, за адресою: м. Київ, просп. Визволителів, 6, було зупинено	придбання — парк «Перемоги», вул. Князя Мстиславовича, 26 (H), інша адреса
132	118819926	T		фабула обрізана до місця
133	123366424	H	по бульв. Лесі Українки поблизу буд. № 6
134	131123142	H	за адресою: м. Київ, вул. Метрологічна 2а
135	126746367	O	за адресою: м. Київ, на станції метро «Дарниця»
136	137133309	S	по просп. Володимира Івасюка, навпроти будинку v2	номер у тексті спотворено («v2»)
137	123889784	X	на перехресті вул. Івана Виговського та вул. Стеценка
138	119200928	H	магазину « Аврора », який розташований за адресою: м. Київ, вул. П. Полуботка, 7-Б
139	131520556	H	біля АЗС «Укрнафта», за адресою: вул. Братиславська, 48 … був затриманий	придбання — невстановлене місце
140	126426258	H	за адресою м. Київ, вул. О.Кошиця, 3-А, перебуваючи в камері тимчасового тримання	установа — сама місце події (поліція)
141	124611835	H	по вул. Ковпака, 49
142	123823866	H	за адресою: м. Київ, вул. Тропініна, 2/4
143	120619863	H	по вул.Жмеринській, 24 у місті Києві, в парку «Совки»
144	128108021	P	протокол … складений 24.04.2025 о 01:22 на вул. Ю.Кондратюка 1	місце керування у фабулі не дійшло
145	122057960	H	за адресою: м. Київ, вул. Ак. Глушкова, 1
146	123930545	H	за адресою: м. Київ, вул. В. Васильківська, 72
147	118588139	H	за адресою: м. Київ, вул. Велика Васильківська, буд. 16 … біля зупинки громадського транспорту
148	128064365	H	в м. Києві, вул. Підлісна, 6
149	128321024	H	за адресою: м. Київ, вул. Хрещатик, 19-А
150	131983685	H	по просп. Григоренка, 10
151	138484152	S	по бул. В.Гавела … балюстраду підземного переходу
152	122058256	A	за адресою: АДРЕСА_1
153	138671293	H	за адресою: м. Київ, вул. Афанасьєва, 18	лайка на поліцейських
154	117426296	H	за адресою: м. Київ, вул. Трублаїні, 95
155	125566769	H	за адресою: м. Київ, прос. Берестейський, 94/1
156	121018216	A	перебував за адресою: АДРЕСА_2
157	131986897	H	закладки … за адресою: м. Київ, Залізничне шосе буд. 47 навпроти будинку під деревом	це місце придбання; замовлення — за місцем проживання АДРЕСА_1; затримання у фабулі не дійшло
158	131521353	H	по вул. Протасів Яр, 8	текст — про керування напідпитку, не ст.173
159	117675406	H	по вул. Рональда Рейгана, 9Б, на території Деснянського УП ГУНП	установа — сама місце події (поліція)
160	137445330	H	за адресою: м. Київ, вул. Героїв полку Азов, 6	придбання, зупинка й вилучення там само
161	122387526	H	за адресою: вул. Спаська, 13, у парку «Самосад»
162	121948395	S	по вул. Бориспільська
163	132004951	H	виїжджаючи з двору будинку 10 по вул. Василя Касіяна
164	138483076	H	по бул. Котляревського (попередня назва Праці), 2/27
165	128930121	H	в сквері будинку №9, по вул. Зої Гайдай
166	139007156	O	на платформі ст. метро Лук`янівська
167	119650916	H	за адресою: м. Київ, площа Спортивна, 1-А
168	124331903	O	по Житомирському шосе, біля заправки ANP
169	136310699	H	по вул. Мілютенка, 28
170	118644921	H	на вул.. Л. Лук`яненка 13-а
171	136360794	H	в м. Києві, вул. Мрії (Академіка Туполєва), 98/2	огляд — КП КМНКЛ «Соціотерапія», лікарня
172	120220878	H	магазину «Аврора» по вул.Р.Рейгана, 8
173	133980796	H	по вулиці М. Кибальчича, 18/21
174	123573182	H	за адресою: м. Київ, вул. Д. Щербаківського, 60
175	122797070	H	за адресою: м. Київ, бульвар Русанівський,4
176	132993219	H	по вул. Заболотного 48А
177	138976319	H	за адресою: м. Київ, пр-т Соборності, 12-В
178	136135288	H	у районі будинку № 11-в на вулиці Йорданська
179	117226383	H	по бул. Дружби Народів, 35
180	118072942	O	у м. Києві на ст. метро Осокорки	огляд — «Соціотерапія», лікарня
181	127004707	H	за адресою м. Київ, вул. Братиславська, 9-Г працівниками поліції було зупинено	придбання — лісопаркова зона там само
182	126864337	H	за адресою: м. Київ, проспект Берестейський, 128/2
183	137271822	H	по вулиці Мрії біля будинку № 18
184	117181017	H	по вул. А. Антонова, буд. 15 А
185	127292395	H	магазину ТОВ «ЕКО» на вул. Василя Липківського, 25	ще два епізоди — хостел, вул. Богданівська 5-а (H)
186	136360630	H	за адресою: м. Київ, вул. Вадима Гетьмана, 25 в магазині «Київ хліб»
187	123035609	H	вул. Олександри Екстер, 12
188	125919336	H	по вул. Гната Юри, 7
189	116234287	H	гіпермаркету № 6 … «Епіцентр К», розташованого по вул. Берковецькій, 6-В
190	128367235	H	за адресою: м. Київ, бульвар Шевченка, 38/40
191	132994504	H	м. Київ, вул. Потоцького, 1
192	116659236	H	за адресою: місто Київ, вулиця Ружинська, 3/56, зупинено	придбання — невстановлене місце
193	134932542	H	по вул. Велика кільцева дорога, буд. 70
194	124492085	H	поблизу буд.15 по вул.Лаврська
195	119084384	H	за адресою м. Київ, Контрактова площа, 4
196	120459312	O	у парку «Нивки»
197	119061814	A	перебуваючи за адресою: АДРЕСА_2 , був зупинений	придбання там само
198	127470328	H	за адресою: м. Київ, вул. Ентузіастів, 5, працівниками поліції було виявлено	придбання — невстановлене місце
199	132573754	O	за адресою м. Київ, метро Славутич
200	135109127	H	вул. Ернста, буд.3
201	131471715	H	ТЦ «Метроград», який розташований в підземному просторі за адресою: м. Київ, Бессарабська площа, 2
202	129289334	H	по просп. Академіка Глушкова, 1, на території ВДНГ
203	126250968	H	біля буд. № 26 по вул. Зодчих	придбання — біля буд. № 24 по вул. Зодчих (H), сусідній будинок
204	124004424	A	за адресою: АДРЕСА_3
205	131388700	T		фабула — шапка RTF
206	116817532	H	по вул. Людмили Проценко, 211
207	139018263	O	у вестибюлі зазначеної вище станції метрополітену («Теремки»)	придбання — на зупинці неподалік станції
208	122215814	H	на вул. Хрещатик, 19
209	138683900	H	по вул. Освіти, 7, що в м. Києві, зупинений
210	123005597	H	на вул. Ак. Вільямса, 13, к 2
211	129036496	H	в приміщенні гіпермаркету «Ашан», що розташований за адресою м. Київ, просп. Степана Бандери, буд. 15-а	лайка на поліцейських
212	127752102	H	за адресою: м. Київ, пр-т. Голосіївський, 93
213	125979042	S	за адресою: м. Київ, вул. Старобориспільська, неподалік станції … «Червоний Хутір» в піску	це місце придбання; замовлення — поблизу ст. «Шулявська»; затримання у фабулі не дійшло
214	129763265	H	на зупинці громадського транспорту ст. метро Чернігівська … за адресою: м.Київ, вул. Г.Хоткевича, 1-А
215	129289345	H	по вул. Метрологічна, 2, на узбіччі проїжджої частини
216	118723950	H	по вул. Стеценка, 6
217	134849907	X	по вул. Харківське шосе на перехресті з вул. Тростянецька
218	120151303	S	по вул. Жмеринська … зі сторони будинку № 24 в напрямку парку «Совки»	орієнтир — буд. 24
219	118644841	A	магазину «ІНФОРМАЦІЯ_2» по АДРЕСА_2
220	129817781	O	у вестибюлі станції метро «Деміївська»
221	123459967	A	за адресою: АДРЕСА_2
222	121985817	A	поблизу житлового будинку, що знаходиться за адресою: АДРЕСА_2	це місце придбання; затримання у фабулі не дійшло
223	125269801	O	в вестибюлі зазначеної станції метро («Святошин»)	придбання — на зупинці неподалік станції
224	120244567	H	по вул. Закревського Миколи, 45-Б
225	122259846	N		лише про складання протоколу
226	117032280	H	за адресою м. Київ, бул. Кольцова, 17	другий епізод — квартира АДРЕСА_3
227	126092943	H	по вул. Басейна, 17
228	123267429	A	біля буд. АДРЕСА_3	придбання — біля будинку АДРЕСА_4
229	126015988	H	за адресою: місто Київ, вулиця Салютна, 21, був зупинений
230	130393772	S	по вул. Вадима Гетьмана
231	131123198	H	за адресою: м. Київ, пр-т. Петра Григоренка, 40, працівниками поліції затримано	придбання там само (біля озера «Небреж»); замовлення — за місцем проживання АДРЕСА_1
232	135407844	O	на еласкалаторі станції метро «Вокзальна»
233	130801137	S	біля одного з будинків по вул. Зоологічній	це місце придбання; фабула обривається
234	136359374	H	по вул. Опришківська, 56
235	120245144	H	вул. Жмеринська, 30 парк «Совки»
236	129137857	S	на площі Андрія Первозванного
237	127860170	H	напроти магазину «Велмарт», що за адресою: місто Київ, площа Галицька, 3
238	120619464	H	по Кільцевій дорозі, 1Б
239	118522198	H	магазин «Пивна лавка», за адресою: м. Київ, вул. Срібнокільська, 3 Г
240	131253350	S	по вулиці Якуба Коласа
241	137255481	H	по пр. Броварському, 18-д
242	126691223	H	по вул. Бориспільській, 15
243	120408188	H	по пр. Повітрофлотський, 24 … виїхав на регульоване перехрестя з вул. Генерала Генадія Воробйова	і будинок, і перехрестя
244	133815025	H	на бульварі Л. Українки, 14	огляд — «Соціотерапія», лікарня
245	126844226	O	в парку «Юність», що на вул. Володимира Покотила	тут знайдено картку; зняття грошей — не названо
246	130919043	H	на пр.Р.Шухевича,3-А
247	121633331	A	за адресою: АДРЕСА_2 , у дворі будинку
248	133566979	H	по вул.Щербаківського, 47А	лайка на поліцейських
249	137912161	H	за адресою: м. Київ, вул. Цитадельна, 7, біля кафе «Кофеїн»
250	138490700	H	за адресою: м. Київ, пр. Науки, 4, ОСОБА_2 був зупинений	придбання — невстановлене місце
251	123241945	A	за адресою: АДРЕСА_2 … у дворі будинку
252	129912702	H	вул.Довнар-Запольського, поблизу буд.16А, біля відділення «Нової пошти» № 24
253	138058311	O	у вестибюлі зазначеної станції метро («Теремки»)	придбання — на зупинці неподалік станції; потім «кімната поліції»
254	116070397	T		фабула обрізана
255	137535619	S	на вул. Велика Васильківська
256	131611667	S	вул Контрактова Площа … у парку
257	129309706	H	за адресою: м. Київ, пр-т Оболонський 39, … був зупинений	придбання — пр-т Оболонський, 37 (H), сусідній будинок
258	137982673	H	за адресою: м. Київ, вул. Хрещатик, 19	госпіталізований до КНП КМДКЛ № 2 — лікарня
259	123367162	H	по вул. Щусєва, 36	висновок «Соціотерапії» — лікарня
260	131610964	H	по вул. Бродівській, 75
261	129510600	H	по вул. Василя Яна, 2
262	138170338	S	на вул. Мечнікова
263	133566024	H	на вул. Велика Васильківська, 30
264	132866341	O	в вестибюлі станції метро "Червоний хутір"
265	124601234	H	вулицею Каунаська, 3, … на майданчику шиномонтажу
266	130889498	H	будівлі Центрального міжрегіонального управління Міністерства юстиції … за адресою: м. Київ, вул. Сверстюка, 15	установа — сама місце події (крадіжка в будівлі)
267	124176941	H	по вул. Ак. Заболотного 15-В
268	129289535	H	за адресою: м. Київ, пр-т Григоренка, 40 працівниками поліції затримано	придбання там само (біля озера «Тягле»); замовлення — за місцем проживання АДРЕСА_2
269	132046145	H	за адресою: м. Київ, вул. А. Щусєва, 2/19
270	123887697	S	вул. Виноградна
271	122175080	S	по Севастопольській площі
272	137700173	H	за адресою: м.Київ, Контрактова Площа, 2
273	116584249	H	на бул. Дружби Народів, буд. 35 АЗС «Сокар»	текст — невиконання вимоги поліції щодо дорожніх робіт, не ДТП
274	124940627	H	за адресою: м. Київ, вул. В.Васильківська, 5
275	121852053	H	по вул. Архипенка, 1/12А
276	136609985	H	поблизу житлового будинку, що за адресою: м. Київ, вул. Мрії, 16-В … до під?їзду № 3	далі той самий будинок знеособлено як АДРЕСА_2
277	127376962	S	по вулиці Преображенській
278	122671788	H	за адресою: м. Київ, вул. Тампере, 12
279	119422408	H	по вул. Приозерна, 12
280	121779029	A	знаходячись за адресою: АДРЕСА_2 , був зупинений	закладка там само; замовлення — за місцем проживання АДРЕСА_1
281	124167421	T		фабула — шапка рішення
282	128143083	H	за адресою: місто Київ, вулиця Велика Васильківська, 72
283	116252059	H	за адресою: м. Київ, вул. Січових Стрільців, 55, зупинено	придбання — поблизу станції «Лук`янівська» (O)
284	130289104	H	по вулиці Левка Лук`яненка, 7
285	131108548	H	біля будинку №33 по вулиці Козацькій … був затриманий	придбання — невстановлене місце
286	134117802	H	на вул. І.Дяченка, 14	текст — про невиконання вимоги зупинитися
287	120602388	H	по проспекту Броварський, 53
288	116848459	S	по бул. Дружби Народів	огляд — вул. Петра Запорожця, 20, КНП «Соціотерапія» (H): єдина повна адреса в тексті — лікарня
289	117973448	H	по проспекту Повітрофлотському, 62
290	126426898	H	на вул. Глибочицька, 32Б … на перехресті вулиць Студентській та Глибочицькій	і будинок, і перехрестя
291	129519692	A	за адресою: АДРЕСА_1
292	119457719	A	у дворі будинку АДРЕСА_3
293	118972459	H	магазину «ROZETKA» по вул. О. Теліги, 25	другий епізод — магазин «Фора», АДРЕСА_2
294	127860034	H	біля магазину «Сільпо», який розташований за адресою: м. Київ, вул. Підлісна, 1
295	123126008	H	по вул. Федорова Івана, 1
296	138856264	H	за адресою: м. Київ, провул. Квітневий, 7, де побачив на землі	це місце придбання; адреса затримання обрізана
297	133045934	S	вул. Пуща Водицька
298	131170556	H	по вул. Солом`янська, 30
299	132020240	H	за адресою: м. Київ, вул. Петра Сагайдачного, 3, … у закладі «Білий налив»
300	120603381	O	на центральному залізничному вокзалі біля станції метро «Вокзальна»	це місце придбання; місце затримання не названо
301	116075823	H	по вул. Білгородська, 8
302	126367091	X	на перехресті проспекту Повітряних Сил та вулиці Борщагівська
303	119296858	O	у вестибюлі станції метро «Кловська»
304	137377132	A	за адресою: АДРЕСА_2 , у дворі будинку
305	127872996	H	поряд із гіпермаркетом «Мегамаркет», що розташований за адресою: м. Київ, вул. Антоновича, 50
306	136191183	H	по проспекту Європейського Союзу, 98-30	номер дивний («98-30»)
307	129959157	H	вулиця Гаврилишина 5Б
308	122348358	A	за адресою: АДРЕСА_1
309	137897361	H	по вул. Кільцева дорога 1
310	124513764	H	за адресою: м. Київ, пр. Червоної Калини, 4-А
311	132849869	H	за адресою: м. Київ, вул. Героїв полку «Азов», 11-В	придбання, зупинка й вилучення там само
312	119265461	H	за адресою: вул. Братиславська 8-а … загальному коридорі
313	135324479	H	на вул. В. Васильківська, 111 … рухаючись на парковці
314	123887304	H	за адресою: місто Київ, вул. Велика Васильківська, 114, на загальному коридорі 7 поверху
315	128343515	O	за адресою: м.Київ, біля входу в метро «Олімпійська»
316	133963729	H	за адресою: м. Київ, вул. Поповича, 20-А
317	137949815	H	по вул. Закревського, 75/2 … через поштомат № 40798 «Нова Пошта»	придбання й зупинка там само
318	120239989	H	за адресою: м. Київ, пр.В.Лобановського, 4 А
319	120934648	H	по проспекту С. Бандери, 10Б/3
320	139475428	H	по вул. Кільцевій, 35
321	131990959	O	площа Майдан Незалежності, … на оглядовому майданчику
322	119132324	T		фабула обрізана до місця
323	118357784	T		у полі фабули — мотивування покарання, не обставини
324	132756492	H	на пл. Святошинській, 1
325	121261342	S	вул. Підлісна поблизу дитячого майданчику

