category_code	justice_kind	judgment_code	v_karti	dokumentiv
40346	1	5	0	52262
41080	5	2	1	19988
40346	1	3	0	17505
40343	1	5	0	16993
40469	2	5	0	16017
40475	2	5	0	15641
41462	1	5	0	10481
40470	2	5	0	9995
40476	2	5	0	9867
40376	1	5	0	8804
40343	1	3	0	8781
40372	1	5	0	6373
40455	2	5	0	5822
40348	1	5	0	5602
41090	5	2	1	4701
40471	2	5	0	4607
40376	1	3	0	4587
40576	2	5	1	4289
40722	2	5	1	3679
40372	1	3	0	3444
40351	1	5	0	3139
40466	2	5	0	2953
40375	1	5	0	2766
41237	5	2	1	2752
12744	2	5	0	2709
40956	5	2	0	2650
40377	1	5	0	2635
40336	1	5	0	2443
41453	2	5	0	2427
41452	1	5	0	2080
41126	5	2	0	2031
40348	1	3	0	2026
40722	2	1	1	1972
40720	2	5	1	1688
41083	5	2	1	1665
40456	2	5	0	1562
40462	2	5	0	1558
41077	5	2	1	1531
40851	2	5	0	1525
41256	5	2	1	1456
40360	1	5	0	1444
41280	5	2	0	1411
41454	1	5	0	1387
40389	1	5	0	1371
12749	2	5	0	1346
40344	1	5	0	1326
41235	5	2	1	1230
41465	1	5	0	1213
40394	1	5	0	1212
40577	2	5	1	1205
40415	1	5	0	1199
13788	4	5	0	1165
40377	1	3	0	1135
40167	4	5	0	1135
40394	1	4	0	1126
40460	2	5	0	1117
40367	1	5	0	1113
40370	1	5	0	1099
40581	2	5	1	1093
40414	1	5	0	1090
40402	1	5	0	1081
40299	1	5	0	1067
41461	1	5	0	1043
41216	5	2	0	996
40383	1	5	0	986
40362	1	5	0	979
40496	2	5	0	965
40178	4	5	0	957
41456	1	3	0	941
40490	2	5	0	922
40379	1	5	0	860
40696	2	5	1	814
40478	2	5	0	808
41140	5	2	0	781
40336	1	3	0	750
40351	1	3	0	749
40395	1	4	0	749
40177	4	5	0	716
40905	2	5	0	699
40310	1	5	0	695
40915	2	5	0	684
41233	5	2	0	668
40472	2	5	0	663
40414	1	3	0	654
12748	2	5	0	653
40930	2	5	0	643
40369	1	5	0	638
40167	4	3	0	615
40373	1	5	0	611
40375	1	3	0	609
40390	1	5	0	609
40363	1	5	0	601
40313	1	5	0	601
40400	1	5	0	590
40365	1	5	0	579
40337	1	5	0	538
40370	1	3	0	527
40360	1	3	0	523
40484	2	5	0	521
41456	1	5	0	518
40578	2	5	1	510
13789	1	5	0	509
41445	5	2	0	476
40502	2	5	1	476
40582	2	5	0	465
40344	1	3	0	445
41260	5	2	1	445
40395	1	5	0	444
40699	2	5	1	441
40576	2	1	1	438
40464	2	5	0	433
40453	2	5	0	429
41133	5	2	1	426
40405	1	5	0	425
40480	2	5	0	420
13788	4	3	0	410
41454	2	5	0	395
40415	1	3	0	393
41455	2	5	0	392
40707	2	5	1	382
41435	5	2	0	381
40389	1	3	0	378
41246	5	2	1	372
40666	2	5	0	371
40721	2	5	0	365
40585	2	5	1	358
12743	2	5	0	354
13340	2	5	0	347
12745	2	5	0	332
40350	1	5	0	332
40178	4	3	0	328
40482	2	5	0	324
13843	1	5	0	320
40425	1	5	0	311
40314	1	5	0	309
40383	1	3	0	306
41453	1	5	0	302
40782	2	5	0	299
40412	1	5	0	293
40446	2	5	0	291
40506	2	5	1	282
40457	2	5	0	279
40422	1	5	0	277
41452	4	5	0	275
41463	1	5	0	274
40368	1	5	0	265
40355	1	5	0	265
41387	5	2	0	252
41241	5	2	1	248
40379	1	3	0	245
40802	2	5	0	241
40477	2	5	0	240
40367	1	3	0	237
40387	1	5	0	236
40177	4	3	0	233
12718	1	5	0	230
41128	5	2	1	228
41076	5	2	1	224
40315	1	5	0	223
40339	1	5	0	219
40410	1	5	0	213
2031	2	5	1	213
41457	1	5	0	208
40299	1	3	0	205
40362	1	3	0	203
40747	2	5	0	202
40402	1	3	0	201
40338	1	5	0	200
40808	2	5	0	192
40373	1	3	0	190
40371	1	5	0	190
13790	1	5	0	185
40653	2	5	0	184
11204	2	5	0	179
5861	5	2	1	179
40400	1	3	0	174
40803	2	5	0	172
40763	2	5	0	170
40390	1	3	0	169
40363	1	3	0	169
40369	1	3	0	167
13366	2	5	0	165
40320	1	5	0	165
1067	1	5	0	161
	2	5	0	160
13842	1	5	0	159
40384	1	5	0	158
41155	5	2	0	157
40412	1	3	0	155
13180	2	5	0	155
40700	2	5	0	155
41147	5	2	0	151
40606	2	5	0	148
40503	2	5	1	147
40423	1	5	0	145
40350	1	3	0	143
40807	2	5	0	143
40405	1	3	0	141
40378	1	5	0	137
41464	1	5	0	135
41455	1	5	0	134
41080	5	5	1	134
41460	1	5	0	130
40310	1	3	0	129
40538	2	5	0	128
40492	2	5	0	124
13342	2	5	0	123
40337	1	3	0	122
40494	2	5	0	122
40752	2	5	0	121
40407	1	5	0	120
40506	2	1	1	118
40328	1	5	0	117
40354	1	5	0	115
41149	5	2	0	115
40313	1	3	0	115
40428	1	5	0	114
41447	5	2	0	114
40447	2	5	0	113
40581	2	1	1	109
40580	2	5	1	109
41217	5	2	0	106
40943	5	2	1	105
40365	1	3	0	103
12746	2	5	0	103
40707	2	1	1	103
40408	1	5	0	102
40931	2	5	0	102
40720	2	1	1	101
40577	2	1	1	99
13345	2	5	0	98
2030	2	5	1	97
40452	2	5	0	96
12591	2	5	0	96
40176	4	5	0	95
40413	1	5	0	95
13798	5	2	0	93
40425	1	3	0	93
13340	2	1	0	93
41456	4	3	0	92
40437	1	5	0	91
40352	1	5	0	90
40956	5	5	0	90
41072	5	2	1	88
40666	2	1	0	88
40387	1	3	0	87
40696	2	1	1	87
41450	5	2	0	85
2033	2	5	1	85
40927	2	5	0	83
40355	1	3	0	83
41453	5	2	0	82
13843	1	3	0	81
40721	2	1	0	79
40339	1	3	0	78
40798	2	5	0	77
2034	2	5	1	76
40914	2	5	0	75
40347	1	5	0	75
40791	2	5	0	74
40656	2	5	0	73
40490	2	1	0	73
41369	5	2	0	72
1078	1	3	0	72
40422	1	3	0	72
40719	2	5	0	72
41224	5	2	0	72
40331	1	5	0	71
1067	1	3	0	70
41101	5	2	1	70
13789	1	3	0	70
12718	1	3	0	69
	1	5	0	69
40419	1	5	0	68
40451	2	5	0	68
40539	2	5	0	67
6249	2	5	0	67
5952	5	2	1	66
1061	1	5	0	64
40610	2	5	0	64
40602	2	5	0	63
41228	5	2	0	62
40445	2	5	0	62
40176	4	3	0	62
13263	2	5	0	62
13341	2	5	0	61
40590	2	5	1	60
2032	2	5	0	60
40368	1	3	0	58
1018	1	5	0	58
40796	2	5	0	57
40371	1	3	0	57
41368	5	2	0	55
40502	2	1	1	54
40824	2	5	0	54
41075	5	2	1	53
2002	2	5	0	53
40760	2	5	0	52
40782	2	1	0	52
40428	1	3	0	52
40311	1	5	0	52
40800	2	5	0	51
41456	4	5	0	51
40423	1	3	0	51
40662	2	5	0	50
40411	1	5	0	49
1018	1	4	0	48
40659	2	5	0	46
12719	1	5	0	45
40488	2	5	0	45
40312	1	5	0	45
40925	2	5	0	45
41237	5	5	1	45
41123	5	2	1	44
40522	2	5	0	44
40416	1	5	0	43
41085	5	2	0	43
41457	2	5	0	42
40768	2	5	0	42
40487	2	5	0	41
40320	1	3	0	41
40328	1	3	0	41
2018	2	5	1	41
40338	1	3	0	41
40600	2	5	0	41
40479	2	5	0	40
40883	2	5	0	40
41090	5	5	1	40
40314	1	3	0	39
40808	2	1	0	39
1073	1	5	0	39
40407	1	3	0	38
40413	1	3	0	38
40353	1	5	0	37
40786	2	5	0	37
40585	2	1	1	37
1078	1	5	0	36
6260	2	5	0	36
40315	1	3	0	36
1029	1	5	0	36
40593	2	5	0	36
40852	2	5	0	36
13368	2	5	0	35
40148	4	5	0	35
41434	5	2	0	35
	4	2	0	35
40919	2	5	0	34
41463	2	5	0	34
40169	4	5	0	34
40392	1	4	0	34
40905	2	2	0	34
5173	2	5	0	34
40342	1	5	0	33
2074	2	5	0	33
40529	2	5	0	33
12589	2	5	0	33
2053	2	5	1	33
40552	2	5	0	32
41160	5	2	0	32
12589	2	1	0	32
13793	2	5	0	31
40701	2	5	0	31
40507	2	5	1	31
40807	2	1	0	30
2003	2	5	1	30
41286	5	2	0	30
40715	2	5	0	30
1069	1	5	0	30
1060	1	5	0	30
40763	2	1	0	29
40392	1	5	0	29
40440	2	5	0	29
41454	4	5	0	29
40680	2	5	0	29
40496	2	1	0	29
	2	2	0	29
13790	1	3	0	28
13842	1	3	0	27
40935	5	2	0	27
40537	2	5	0	27
13661	1	5	0	27
13369	2	5	0	27
40378	1	3	0	27
41459	1	5	0	27
40853	2	5	0	27
40331	1	3	0	27
41015	5	2	0	26
40846	2	5	0	26
5322	2	5	0	26
40779	2	5	0	26
40420	1	5	0	26
40851	2	1	0	26
12581	5	2	0	26
40410	1	3	0	25
40352	1	3	0	25
40408	1	3	0	25
41077	5	5	1	25
41280	5	5	0	25
40105	4	5	0	24
40797	2	5	0	24
41454	5	2	0	24
40354	1	3	0	24
40050	4	5	0	24
40604	2	5	0	24
5992	5	2	1	24
40384	1	3	0	23
40334	1	5	0	23
1075	1	5	0	23
40532	2	5	0	23
1068	1	5	0	23
1053	1	5	0	23
40578	2	1	1	23
40327	1	5	0	23
41254	5	2	0	22
40420	1	3	0	22
40517	2	5	1	22
13240	2	5	0	22
40347	1	3	0	22
41256	5	5	1	22
40177	4	2	0	22
40381	1	5	0	22
40396	1	5	0	22
40341	1	5	0	21
40401	1	5	0	21
2029	2	5	1	21
40542	2	5	0	21
40600	2	1	0	21
5366	2	5	1	21
40718	2	5	0	21
40826	2	5	0	21
1056	1	5	0	21
40699	2	1	1	20
40364	1	5	0	20
40141	4	5	0	20
40917	2	5	0	20
41435	5	5	0	20
41126	5	5	0	20
41235	5	5	1	19
13342	2	1	0	19
40333	1	5	0	19
40831	2	5	0	19
40170	4	5	0	19
40416	1	3	0	19
5997	5	2	0	19
13883	1	5	0	19
41300	5	2	0	18
40582	2	1	0	18
40493	2	5	0	18
40169	4	3	0	18
13361	2	5	0	18
40419	1	3	0	18
11300	2	5	0	18
12591	2	1	0	18
1044	1	5	0	18
41462	4	5	0	18
13222	2	5	0	18
40494	2	1	0	18
40171	4	5	0	18
	4	5	0	18
40481	2	5	0	17
1061	1	3	0	17
40913	2	5	0	17
40510	2	5	0	17
40382	1	5	0	17
40602	2	1	0	17
40752	2	1	0	17
1079	1	5	0	17
40507	2	1	1	16
13343	2	5	0	16
40711	2	5	1	16
40747	2	1	0	16
40926	2	5	0	16
13180	2	1	0	16
40178	4	2	0	16
40552	2	1	0	16
40803	2	1	0	16
40724	2	5	0	16
5423	2	5	0	16
1048	1	3	0	16
40869	2	5	0	16
6062	5	2	1	16
41250	5	2	1	15
41083	5	5	1	15
13345	2	1	0	15
41445	5	5	0	15
41102	5	2	1	15
1065	1	5	0	15
40441	2	5	0	15
1079	1	3	0	15
40922	2	5	0	14
40353	1	3	0	14
40077	4	5	0	14
40396	1	4	0	14
40503	2	1	1	14
13348	5	2	0	14
41465	4	5	0	14
41453	4	5	0	14
40349	1	5	0	14
41010	5	2	0	14
1064	1	5	0	14
40509	2	5	0	14
5173	2	1	0	13
41239	5	2	1	13
41139	5	2	0	13
40749	2	5	0	13
13360	2	5	0	13
41232	5	2	0	13
1075	1	3	0	13
2019	2	5	1	13
40916	2	5	0	13
40388	1	5	0	13
1069	1	3	0	13
40824	2	1	0	13
40928	2	5	0	12
1048	1	5	0	12
40791	2	1	0	12
40463	2	5	0	12
40595	2	5	0	12
1056	1	3	0	12
13788	4	2	0	12
40646	2	5	0	12
41079	5	2	1	12
13367	2	5	0	12
5366	2	1	1	12
40386	1	5	0	11
40655	2	5	0	11
40760	2	1	0	11
40311	1	3	0	11
40713	2	5	0	11
40045	4	5	0	11
1051	1	5	0	11
1044	1	3	0	11
40925	2	2	0	11
13791	1	5	0	11
40831	2	1	0	11
40599	2	5	0	11
1068	1	3	0	11
41128	5	5	1	11
2078	2	5	0	11
40867	2	5	0	11
41372	5	2	0	10
40406	1	5	0	10
41462	1	3	0	10
1053	1	3	0	10
40924	2	5	0	10
12719	1	3	0	10
40787	2	5	0	10
2007	2	5	0	10
40907	2	5	0	10
40772	2	5	0	10
40340	1	5	0	10
40488	2	1	0	10
41216	5	5	0	10
40398	1	5	0	10
40167	4	2	0	10
40321	1	5	0	10
13349	2	5	0	10
40424	1	5	0	10
40180	4	5	0	10
2031	2	1	1	10
40908	2	5	0	10
40799	2	5	0	10
40301	1	5	0	10
40465	2	5	0	10
40606	2	2	0	10
41078	5	2	0	9
40326	1	5	0	9
40685	2	5	0	9
12620	5	2	0	9
40833	2	5	0	9
40511	2	5	1	9
40754	2	5	0	9
40411	1	3	0	9
41170	5	2	0	9
1070	1	5	0	9
11675	1	5	0	9
40730	2	5	1	9
40679	2	5	0	9
40437	1	3	0	9
40758	2	5	0	9
41281	5	2	0	9
40171	4	3	0	9
40783	2	5	0	9
1064	1	3	0	9
40303	1	5	0	9
13260	2	5	0	9
41214	5	2	0	9
40881	2	5	0	9
2009	2	5	0	9
5577	4	5	0	9
2071	2	5	0	8
11671	1	5	0	8
5136	1	5	0	8
40492	2	1	0	8
40734	2	5	0	8
40667	2	5	0	8
40340	1	3	0	8
12587	2	5	0	8
5187	2	5	0	8
40356	1	5	0	8
40312	1	3	0	8
40788	2	5	0	8
40096	4	5	0	8
40105	4	3	0	8
1081	1	5	0	8
5964	5	2	0	8
1025	1	5	0	8
40334	1	3	0	7
40461	2	5	0	7
40735	2	5	0	7
40653	2	1	0	7
13797	5	2	0	7
40595	2	1	0	7
40309	1	5	0	7
40781	2	5	0	7
2014	2	5	0	7
40593	2	1	0	7
40926	2	2	0	7
40300	1	5	0	7
41253	5	2	1	7
40489	2	5	0	7
41017	5	2	0	7
2034	2	1	1	7
40179	4	5	0	7
5533	4	5	0	7
1070	1	3	0	7
5366	2	2	1	7
6097	5	2	0	7
41457	1	3	0	6
40418	1	5	0	6
40330	1	5	0	6
40805	2	5	0	6
41318	5	2	0	6
13122	2	5	0	6
40380	1	5	0	6
2076	2	5	0	6
41465	1	3	0	6
40662	2	1	0	6
1063	1	5	0	6
2066	2	5	0	6
40882	2	5	0	6
40576	2	2	1	6
2007	2	2	0	6
13263	2	1	0	6
40333	1	3	0	6
41169	5	2	0	6
40731	2	5	0	6
40754	2	1	0	6
13791	1	3	0	6
40341	1	3	0	6
40634	2	5	0	6
40859	2	5	0	6
40511	2	1	1	6
40403	1	5	0	6
2030	2	1	1	6
1029	1	3	0	6
1080	1	5	0	6
1043	1	5	0	6
6149	5	2	0	6
6076	5	2	1	6
40659	2	1	0	5
41323	5	2	0	5
41459	2	5	0	5
40426	1	5	0	5
1043	1	3	0	5
13223	2	5	0	5
40388	1	3	0	5
40309	1	3	0	5
40780	2	5	0	5
40798	2	1	0	5
2011	2	5	0	5
	1	3	0	5
40366	1	5	0	5
1062	1	5	0	5
41453	2	2	0	5
40556	2	5	0	5
5361	2	5	0	5
40179	4	3	0	5
5316	2	5	0	5
40519	2	5	0	5
40342	1	3	0	5
40077	4	3	0	5
40806	2	5	0	5
40827	2	5	0	5
1060	1	3	0	5
40603	2	5	0	5
40541	2	5	0	5
40444	2	5	0	5
1025	1	3	0	5
41169	5	5	0	5
1071	1	5	0	5
40836	2	5	0	5
2069	2	5	0	5
40580	2	1	1	5
6249	2	2	0	5
6249	2	1	0	5
40783	2	1	0	5
5577	4	2	0	5
41135	5	2	0	4
41465	2	5	0	4
40853	2	1	0	4
40906	2	5	0	4
40838	2	1	0	4
40726	2	5	0	4
41260	5	5	1	4
40551	2	5	0	4
6243	2	5	0	4
40330	1	3	0	4
40345	1	5	0	4
13341	2	1	0	4
40030	4	5	0	4
40778	2	5	0	4
41155	5	5	0	4
41455	4	5	0	4
2032	2	2	0	4
40923	2	5	0	4
2033	2	1	1	4
40720	2	2	1	4
40911	2	5	0	4
40804	2	5	0	4
2019	2	1	1	4
40591	2	5	0	4
40697	2	5	1	4
40883	2	1	0	4
40472	2	2	0	4
40749	2	1	0	4
1077	1	3	0	4
41438	5	2	0	4
40357	1	5	0	4
40170	4	3	0	4
40787	2	1	0	4
40538	2	1	0	4
40505	2	5	0	4
40817	2	5	0	4
13620	5	2	0	4
	5	2	0	4
40802	2	1	0	4
41453	5	5	0	4
40154	4	5	0	4
40724	2	1	0	4
40356	1	3	0	4
40364	1	3	0	4
2002	2	1	0	4
41371	5	2	0	4
40841	2	5	0	4
40301	1	3	0	4
40816	2	5	0	4
5854	5	2	1	4
11323	4	2	0	4
6161	5	2	0	4
1009	1	5	0	4
5536	4	2	0	4
5670	1	5	0	4
40786	2	1	0	4
41133	5	5	1	4
40102	4	5	0	3
40398	1	4	0	3
40500	2	5	0	3
40665	2	5	0	3
41454	1	3	0	3
40510	2	1	0	3
5254	2	5	0	3
40676	2	5	1	3
40561	2	5	0	3
41333	5	2	1	3
5320	2	5	0	3
40819	2	5	0	3
40306	1	5	0	3
40097	4	5	0	3
41433	5	2	0	3
2005	2	5	0	3
41314	5	2	0	3
41085	5	5	0	3
41339	5	2	0	3
5359	2	5	0	3
1072	1	5	0	3
40471	2	2	0	3
6248	2	5	0	3
40667	2	1	0	3
5189	2	5	1	3
40788	2	1	0	3
41227	5	2	0	3
40715	2	1	0	3
41011	5	2	0	3
40359	1	5	0	3
5322	2	1	0	3
5134	1	5	0	3
40867	2	1	0	3
40599	2	1	0	3
41140	5	5	0	3
40302	1	5	0	3
40094	4	5	0	3
40680	2	1	0	3
40646	2	1	0	3
2074	2	2	0	3
40508	2	5	0	3
2029	2	2	1	3
40854	2	5	0	3
41458	1	5	0	3
40730	2	1	1	3
41292	5	2	0	3
13792	1	5	0	3
40663	2	5	0	3
40327	1	3	0	3
13761	5	2	0	3
40401	1	3	0	3
40846	2	1	0	3
40326	1	3	0	3
6246	2	5	0	3
40656	2	1	0	3
41252	5	2	1	3
41456	4	2	0	3
40443	2	5	0	3
1065	1	3	0	3
40382	1	3	0	3
40141	4	3	0	3
5333	2	5	0	3
40813	2	5	0	3
40858	2	5	0	3
1017	1	4	0	3
6009	5	2	0	3
5536	4	5	0	3
1058	1	5	0	3
5138	1	5	0	3
5533	4	2	0	3
1073	1	3	0	3
40349	1	3	0	3
5427	2	5	0	3
41246	5	5	1	3
1030	1	5	0	3
40316	1	5	0	3
40529	2	1	0	2
40470	2	3	0	2
5411	2	5	0	2
40321	1	3	0	2
40304	1	5	0	2
11540	1	5	0	2
40932	2	5	0	2
5184	2	5	1	2
13798	5	5	0	2
41452	1	3	0	2
40317	1	5	0	2
40406	1	3	0	2
40541	2	1	0	2
40893	2	5	0	2
40796	2	1	0	2
40701	2	1	0	2
5172	2	5	0	2
40826	2	1	0	2
	2	1	0	2
5420	2	5	0	2
40029	4	3	0	2
40385	1	3	0	2
41156	5	2	0	2
40050	4	3	0	2
5410	2	5	0	2
40722	2	2	1	2
40825	2	5	0	2
41369	5	5	0	2
40849	2	5	0	2
40372	1	4	0	2
5136	1	3	0	2
40793	2	5	0	2
40497	2	5	0	2
11677	4	5	0	2
40921	2	5	0	2
41286	5	5	0	2
40590	2	1	1	2
5423	2	1	0	2
40610	2	1	0	2
40649	2	5	0	2
40556	2	1	0	2
40930	2	2	0	2
40606	2	1	0	2
40790	2	5	0	2
40318	1	5	0	2
40624	2	5	0	2
2032	2	1	0	2
40713	2	1	0	2
40723	2	5	1	2
6247	2	5	0	2
5459	2	5	0	2
40522	2	1	0	2
40496	2	10	0	2
40566	2	5	0	2
40329	1	5	0	2
	1	4	0	2
5437	2	5	0	2
5340	2	5	0	2
40532	2	1	0	2
11303	2	1	0	2
40850	2	5	0	2
40298	1	5	0	2
2033	2	2	1	2
40733	2	5	0	2
13343	2	1	0	2
41229	5	2	0	2
40306	1	3	0	2
40153	4	5	0	2
40029	4	5	0	2
40475	2	2	0	2
40753	2	5	0	2
40803	2	2	0	2
40080	4	5	0	2
40106	4	3	0	2
41215	5	2	0	2
40051	4	5	0	2
11662	2	5	0	2
40634	2	1	0	2
40827	2	1	0	2
40805	2	1	0	2
40424	1	3	0	2
40734	2	1	0	2
13743	2	5	0	2
40319	1	3	0	2
40525	2	5	0	2
40517	2	1	1	2
40505	2	1	0	2
41272	5	2	0	2
5134	1	3	0	2
5168	5	2	0	2
5670	1	3	0	2
12302	4	2	0	2
5138	1	3	0	2
6001	5	2	0	2
1019	1	4	0	2
6003	5	2	0	2
1045	1	5	0	2
1077	1	5	0	2
1071	1	3	0	2
1046	1	5	0	2
11323	4	5	0	2
12302	4	5	0	2
6065	5	2	1	2
6069	5	2	1	2
5636	4	5	0	2
2003	2	2	1	2
5535	4	5	0	2
1028	1	5	0	2
1021	1	3	0	2
5547	4	5	0	2
40741	2	5	0	2
40604	2	1	0	2
41304	5	2	0	2
40764	2	5	0	2
40179	4	2	0	2
5131	1	3	0	2
41236	5	2	1	1
40471	2	3	0	1
41337	5	2	0	1
40455	2	3	0	1
40927	2	3	0	1
41343	5	2	0	1
41462	5	2	0	1
40393	1	4	0	1
40559	2	1	0	1
40594	2	1	0	1
40080	4	3	0	1
40765	2	5	0	1
40849	2	1	0	1
40722	2	3	1	1
41261	5	2	1	1
40892	2	5	0	1
40426	1	3	0	1
41084	5	2	1	1
13780	4	5	0	1
41145	5	2	0	1
40614	2	5	0	1
40456	2	2	0	1
40462	2	2	0	1
41075	5	5	1	1
41460	2	5	0	1
40525	2	1	0	1
41160	5	5	0	1
40510	2	2	0	1
41123	5	5	1	1
40807	2	2	0	1
2002	2	2	0	1
40784	2	5	0	1
40162	4	5	0	1
1027	1	3	0	1
40329	1	3	0	1
13741	2	5	0	1
40839	2	1	0	1
5706	4	5	0	1
40391	1	5	0	1
40688	2	5	0	1
41450	5	5	0	1
40542	2	1	0	1
2066	2	1	0	1
5213	2	5	0	1
41454	2	2	0	1
40561	2	1	0	1
40833	2	1	0	1
40639	2	5	0	1
40768	2	2	0	1
41238	5	2	0	1
40497	2	1	0	1
5601	4	5	0	1
41015	5	5	0	1
2057	2	2	0	1
40538	2	10	0	1
40624	2	1	0	1
13349	2	1	0	1
41454	5	5	0	1
40097	4	3	0	1
40825	2	1	0	1
40674	2	5	0	1
40838	2	5	0	1
40103	4	5	0	1
40774	2	5	0	1
40110	4	5	0	1
40332	1	3	0	1
40502	2	2	1	1
40758	2	1	0	1
40704	2	5	1	1
13223	2	1	0	1
40799	2	1	0	1
2037	2	2	0	1
5243	2	5	1	1
40475	2	3	0	1
2057	2	5	0	1
5706	4	3	0	1
41267	5	2	0	1
40687	2	5	1	1
40318	1	3	0	1
13701	5	2	0	1
41083	5	3	1	1
40394	1	3	0	1
40629	2	5	0	1
40037	4	5	0	1
40303	1	3	0	1
40869	2	1	0	1
5576	4	3	0	1
13661	1	3	0	1
5249	2	5	0	1
5529	4	3	0	1
41233	5	5	0	1
40374	1	5	0	1
40744	2	5	0	1
40943	5	5	1	1
11205	2	5	0	1
	4	3	0	1
41462	2	5	0	1
40106	4	5	0	1
13222	2	1	0	1
40915	2	2	0	1
41457	2	1	0	1
40427	1	5	0	1
40381	1	3	0	1
40299	1	6	0	1
2055	2	5	0	1
41443	5	2	0	1
40759	2	5	0	1
41341	5	2	0	1
41446	5	2	0	1
5184	2	1	1	1
40591	2	1	0	1
40918	2	5	0	1
41381	5	2	0	1
41387	5	5	0	1
40812	2	5	0	1
40345	1	3	0	1
41432	5	2	0	1
40400	1	4	0	1
40816	2	1	0	1
40045	4	3	0	1
41461	1	3	0	1
41455	1	3	0	1
5420	2	1	0	1
40765	2	1	0	1
40766	2	5	0	1
40696	2	2	1	1
5171	2	5	0	1
40854	2	1	0	1
40455	2	2	0	1
40881	2	1	0	1
2038	2	5	0	1
40498	2	5	0	1
40809	2	5	0	1
40343	1	4	0	1
40490	2	10	0	1
40359	1	3	0	1
1083	1	5	0	1
5542	4	3	0	1
40779	2	1	0	1
2037	2	5	0	1
40346	1	2	0	1
40661	2	5	0	1
2053	2	1	1	1
40809	2	1	0	1
40909	2	5	0	1
40772	2	1	0	1
41148	5	2	0	1
6244	2	5	0	1
6259	2	5	0	1
40794	2	5	0	1
1079	2	5	0	1
1036	1	5	0	1
1047	1	5	0	1
1045	1	3	0	1
6165	5	2	0	1
5987	5	2	1	1
5444	2	2	0	1
1063	1	3	0	1
11161	1	5	0	1
5635	4	5	0	1
11162	1	5	0	1
5209	2	1	0	1
2031	2	2	1	1
5322	2	2	0	1
5137	1	3	0	1
2075	2	2	0	1
5856	5	2	1	1
5254	2	2	0	1
5548	4	2	0	1
5600	4	5	0	1
5133	1	3	0	1
1018	1	2	0	1
2074	2	1	0	1
1037	1	5	0	1
40741	2	1	0	1
2030	2	2	1	1
1066	1	5	0	1
2006	2	1	0	1
2078	2	2	0	1
5859	5	2	0	1
5599	4	5	0	1
5184	2	2	1	1
5583	4	5	0	1
1081	1	3	0	1
2014	2	1	0	1
1080	1	3	0	1
5567	4	5	0	1
1047	1	3	0	1
6011	5	2	0	1
11280	2	1	0	1
1054	1	5	0	1
1062	1	3	0	1
10800	5	2	0	1
6161	5	5	0	1
6230	5	2	0	1
6119	5	2	0	1
13796	5	2	0	1
5131	1	5	0	1
12587	2	1	0	1
41461	4	5	0	1
5135	1	5	0	1
41076	5	5	1	1
5280	2	5	0	1
41241	5	5	1	1
41458	2	5	0	1
1072	1	3	0	1
40800	2	1	0	1
41434	5	5	0	1
40403	1	3	0	1
40930	2	1	0	1
40157	4	5	0	1
40781	2	1	0	1
40708	2	5	1	1
40677	2	5	1	1
40711	2	1	1	1
5587	4	5	0	1
13885	1	5	0	1
40346	1	4	0	1
40728	2	5	1	1
40302	1	3	0	1
5419	2	5	0	1
40385	1	5	0	1
2003	2	1	1	1
40405	1	10	0	1
40679	2	1	0	1
40031	4	5	0	1
40073	4	5	0	1
40418	1	3	0	1
2018	2	1	1	1
41223	5	2	0	1
40374	1	3	0	1
40308	1	5	0	1
40797	2	1	0	1
41462	1	4	0	1
40509	2	1	0	1
41253	5	5	1	1
1083	1	3	0	1
5135	1	3	0	1
