n	doc_id	klass_staryi	mistse_podii_ludyna	prymitka	novyi	chomu_ni
1	120233841	C	1		1	
2	138725622	C	1		1	
3	129938156	C	1		1	
4	126242186	C	1	обрізане речення	1	
5	125711481	C	1		1	
6	118897952	D	1		1	
7	131017997	C	1		1	
8	134408393	D	1		1	
9	124858594	D	1	обрізане речення	1	
10	129912295	D	1		1	
11	126159115	D	1		1	
12	124347124	D	1		1	
13	122342478	C	1		1	
14	121261372	C	1		1	
15	128064519	D	1		1	
16	139072921	C	1		1	
17	124188568	D	1		1	
18	130189595	D	1		1	
19	126092920	D	1		1	
20	124993913	C	1		1	
21	132021452	C	1		1	
22	117527938	C	1		1	
23	118841883	D	1	обрізане речення	1	
24	133367507	C	1		1	
25	132032099	C	1		1	
26	121920383	C	1		1	
27	138808406	D	1		1	
28	123235069	C	1		1	
29	119951534	C	1		1	
30	128331801	C	1		1	
31	127182357	C	1		1	
32	133980927	C	1		1	
33	131643385	D	1		1	
34	138038849	C	1		1	
35	132451756	D	1		1	
36	123292902	C	1		1	
37	118223783	D	1		1	
38	116261778	C	1		1	
39	116139940	C	1		1	
40	130678160	C	1		1	
41	123933246	C	1		1	
42	134015333	D	1		1	
43	126917983	D	1		1	
44	134183746	C	1		1	
45	125522953	C	1		1	
46	126284817	D	1		1	
47	123067510	C	1		1	
48	132966540	D	1	обрізане речення	1	
49	136610198	C	1		1	
50	126216444	C	0		1	
51	128028624	C	1		1	
52	131422272	C	1		1	
53	133858752	D	1		1	
54	136265962	C	1		1	
55	125709970	C	1		1	
56	121920400	C	1		1	
57	122294378	C	1		1	
58	126691973	C	1		1	
59	117850440	C	1		1	
60	133045652	C	1		1	
61	132021443	C	1		1	
62	137458083	D	1		1	
63	128889129	D	0		0	роль адреси
64	138122074	D	1		1	
65	121727553	C	1		1	
66	116139854	C	1		1	
67	123685628	C	1		1	
68	132942430	D	1		1	
69	124115398	C	1		1	
70	123897861	C	1		1	
71	120684477	D	1		1	
72	138077111	D	1	обрізане речення	1	
73	125613206	D	1		1	
74	126940072	D	1		1	
75	124331866	C	1		1	
76	132998615	D	1		1	
77	128777047	D	1		1	
78	123972507	D	1		1	
79	120138047	D	1		1	
80	131781808	D	1		1	
81	127600806	C	1	обрізане речення	1	
82	140183766	D	1		1	
83	134303141	D	1		1	
84	125103174	D	1		1	
85	133858712	D	1		1	
86	134668158	C	1		1	
87	131522345	C	1		1	
88	131522497	C	1		1	
89	118664389	C	1		1	
90	132021448	C	1		1	
91	135792982	D	1		1	
92	127821948	C	1	обрізане речення	1	
93	127620147	C	1		1	
94	131253004	D	1		1	
95	126190604	C	1		1	
96	137947738	D	1		1	
97	140067082	C	1		1	
98	132888856	C	1		1	
99	117675765	C	1		1	
100	135110198	C	1		1	
