mistse	adresa	podii_na_karti	rishen_u_prokhodi	khybnykh	chastka	chomu
1	Кільцева дорога, 1	359	427	0	0.0	{}
2	пл. Вокзальна, 1	288	317	1	0.003	{'чуже місто': 1}
3	Кільцева дорога, 1Б	219	274	1	0.004	{'км': 1}
4	бульв. Миколи Міхновського, 42	178	181	0	0.0	{}
5	пл. Спортивна, 1А	174	236	0	0.0	{}
6	вул. Берковецька, 6-Д	164	168	0	0.0	{}
7	просп. Броварський, 95	158	153	6	0.039	{'роль': 6}
8	вул. Антоновича, 176	153	150	0	0.0	{}
9	вул. Берковецька, 6	151	155	1	0.006	{'км': 1}
10	Гостомельське шосе, 8	143	1	0	0.0	{}
11	просп. Берестейський, 67	136	139	1	0.007	{'чуже місто': 1}
12	вул. Електротехнічна, 16	129	12	0	0.0	{}
13	просп. Європейського Союзу, 47	128	130	0	0.0	{}
14	просп. Степана Бандери, 36	124	126	0	0.0	{}
15	просп. Петра Григоренка, 40	119	121	0	0.0	{}
16	бульв. Миколи Міхновського, 35	118	118	0	0.0	{}
17	Дніпровська набережна, 12	115	125	1	0.008	{'км': 1}
18	вул. Велика Васильківська, 72	115	116	0	0.0	{}
19	просп. Берестейський, 104	113	116	1	0.009	{'роль': 1}
20	майдан Незалежності, 1	112	116	1	0.009	{'роль': 1}
21	вул. Гната Хоткевича, 1В	112	110	3	0.027	{'роль': 3}
22	просп. Берестейський, 134/1	109	113	0	0.0	{}
23	бульв. Миколи Міхновського, 40-А	102	101	0	0.0	{}
24	вул. Братиславська, 48	99	99	0	0.0	{}
25	просп. Академіка Глушкова, 1	97	159	0	0.0	{}
26	бульв. Миколи Міхновського, 33-А	96	95	0	0.0	{}
27	вул. Антоновича, 50	95	96	0	0.0	{}
28	вул. Братиславська, 11	94	96	0	0.0	{}
29	Берестейське шосе, 8А	92	104	0	0.0	{}
30	вул. Ревуцького, 54	84	85	0	0.0	{}
31	просп. Оболонський, 1Б	82	85	0	0.0	{}
32	просп. Берестейський, 138	81	80	0	0.0	{}
33	вул. Хрещатик, 19А	77	77	0	0.0	{}
34	просп. Берестейський, 123	77	82	1	0.012	{'км': 1}
35	вул. Івана Дзюби, 17	76	76	0	0.0	{}
36	просп. Академіка Глушкова, 13-Б	76	114	0	0.0	{}
37	просп. Леся Курбаса, 18	76	79	0	0.0	{}
38	просп. Берестейський, 136	74	79	0	0.0	{}
39	бульв. Чоколівський, 19	74	75	0	0.0	{}
40	вул. Берковецька, 6В	73	80	0	0.0	{}
41	вул. Борщагівська, 154	71	74	0	0.0	{}
42	Наддніпрянське шосе, 8	71	76	8	0.105	{'км': 8}
43	просп. Берестейський, 87	71	72	0	0.0	{}
44	Дніпровська набережна, 33	71	70	0	0.0	{}
45	вул. Полярна, 20-Д	71	101	1	0.01	{'роль': 1}
46	просп. Леся Курбаса, 1-А	70	69	0	0.0	{}
47	просп. Леся Курбаса, 19-А	69	71	0	0.0	{}
48	вул. Борщагівська, 154-А	68	68	0	0.0	{}
49	вул. Саперно-Слобідська, 104	68	72	0	0.0	{}
50	пл. Севастопольська, 1	67	69	0	0.0	{}
51	просп. Академіка Палладіна, 7	67	66	0	0.0	{}
52	вул. Вадима Гетьмана, 6	66	69	0	0.0	{}
53	вул. Бориспільська, 9	66	68	1	0.015	{'км': 1}
54	просп. Броварський, 17	66	66	0	0.0	{}
55	вул. Галицька, 1	65	69	0	0.0	{}
56	просп. Берестейський, 11	65	98	20	0.204	{'км': 20}
57	вул. Миколи Лаврухіна, 4	63	62	0	0.0	{}
58	Кільцева дорога, 12	63	70	0	0.0	{}
59	вул. Юрія Іллєнка, 3	62	61	0	0.0	{}
60	просп. Леся Курбаса, 6-Г	62	63	0	0.0	{}
61	просп. Степана Бандери, 20-Б	62	62	0	0.0	{}
62	пл. Дарницька, 1	61	65	0	0.0	{}
63	вул. Хрещатик, 38	60	61	0	0.0	{}
64	просп. Степана Бандери, 36А	60	60	0	0.0	{}
65	просп. Академіка Палладіна, 34	60	62	0	0.0	{}
66	вул. Зодчих, 62	59	59	1	0.017	{'чуже місто': 1}
67	бульв. Лесі Українки, 26	59	72	0	0.0	{}
68	вул. Васильківська, 34	59	62	0	0.0	{}
69	Харківське шосе, 19	58	58	3	0.052	{'км': 3}
70	просп. Академіка Палладіна, 32	58	59	0	0.0	{}
71	вул. Стеценка, 1	58	63	0	0.0	{}
72	просп. Академіка Палладіна, 16	58	57	0	0.0	{}
73	вул. Богатирська, 3	58	59	0	0.0	{}
74	вул. Олени Теліги, 61	56	57	0	0.0	{}
75	вул. Зодчих, 5А	56	57	0	0.0	{}
76	вул. Хрещатик, 21	55	71	0	0.0	{}
77	вул. Лугова, 12	55	58	0	0.0	{}
78	вул. Братиславська, 11-А	55	54	0	0.0	{}
79	просп. Воскресенський, 36	54	54	0	0.0	{}
80	просп. Науки, 24	54	52	1	0.019	{'роль': 1}
81	просп. Соборності, 2/1	53	53	0	0.0	{}
82	просп. Степана Бандери, 8	53	52	0	0.0	{}
83	пл. Гостомельська, 1	53	92	8	0.087	{'км': 8}
84	просп. Володимира Івасюка, 8	53	52	0	0.0	{}
85	просп. Берестейський, 55/2	53	53	0	0.0	{}
86	просп. Червоної Калини, 17	52	55	2	0.036	{'роль': 2}
87	вул. Вадима Гетьмана, 34	51	50	0	0.0	{}
88	бульв. Лесі Українки, 24	50	64	0	0.0	{}
89	вул. Салютна, 2	50	70	0	0.0	{}
90	вул. Хрещатик, 7/11	49	46	0	0.0	{}
91	вул. Зодчих, 74	49	49	0	0.0	{}
92	вул. Чорнобильська, 16/80	49	51	0	0.0	{}
93	вул. Промислова, 1	49	49	1	0.02	{'км': 1}
94	просп. Степана Бандери, 16	49	50	0	0.0	{}
95	вул. Данила Щербаківського, 56/7	48	49	0	0.0	{}
96	вул. Васильківська, 8	48	52	0	0.0	{}
97	вул. Зодчих, 30	48	52	0	0.0	{}
98	пл. Галицька, 3	48	52	0	0.0	{}
99	вул. Сержа Лифаря, 2А	48	48	0	0.0	{}
100	бульв. Чоколівський, 1	48	48	0	0.0	{}
