inventoryNumber,model,CATUTTC,addressPostCode,addressAdminUnitL1,addressAdminUnitL2,addressAdminUnitL3,addressAdminUnitL4,addressPostName,addressThoroughfare,addressLocatorDesignator,addressLocatorBuilding,addressDescription,lat,lon,balanceHolderName,balanceHolderId,isFaceRecognition,isSpeedRecognition,isNumberRecognition,isViolationsRecognition,cameraDirection,installatioDate
1,null,null,1001,Україна,Київська область,null,null,Київ,вул. Олени Теліги,37,null,null,50.479648646,30.453529090,Патрульна поліція Національна полці України,null,null,50,null,null,null,null
2,null,null,1001,Україна,Київська область,null,null,Київ,Набережне шосе,4,null,null,50.456731000,30.530181000,Патрульна поліція Національна полці України,null,null,50,null,null,null,null
3,null,null,1001,Україна,Київська область,null,null,Київ,Дніпровська набережна / вул. Причальна,null,null,null,50.417382000,30.593149000,Патрульна поліція Національна полці України,null,null,50,null,null,null,null
4,null,null,1001,Україна,Київська область,null,null,Київ,вул. Братиславська,18,null,null,50.492109248,30.540926185,Патрульна поліція Національна полці України,null,null,50,null,null,null,null
5,null,null,1001,Україна,Київська область,null,null,Київ,Чоколівський бульвар,24,null,null,50.431336111,30.455482947,Патрульна поліція Національна полці України,null,null,50,null,null,null,null
6,null,null,1001,Україна,Київська область,null,null,Київ,міст Північний на лівий берег,null,null,null,50.492109248,30.540926185,Патрульна поліція Національна полці України,null,null,50,null,null,null,null
7,null,null,1001,Україна,Київська область,null,null,Київ,Броварський пр./ вул. Будівельників,null,null,null,50.455611515,30.610071374,Патрульна поліція Національна полці України,null,null,50,null,null,null,null
8,null,null,1001,Україна,Київська область,null,null,Київ,Броварський пр./ ст. м. Лівобережна,null,null,null,50.452832458,30.601344401,Патрульна поліція Національна полці України,null,null,50,null,null,null,null
9,null,null,1001,Україна,Київська область,null,null,Київ,міст Північний на правий берег,null,null,null,50.492321811,30.540825865,Патрульна поліція Національна полці України,null,null,50,null,null,null,null
10,null,null,1001,Україна,Київська область,null,null,Київ,міст Південний на лівий берег,null,null,null,50.394648576,30.591239436,Патрульна поліція Національна полці України,null,null,50,null,null,null,null
11,null,null,1001,Україна,Київська область,null,null,Київ,міст Південний на правий берег,null,null,null,50.395008881,30.590516559,Патрульна поліція Національна полці України,null,null,50,null,null,null,null
12,null,null,1001,Україна,Київська область,null,null,Київ,просп. Володимира Івасюка,25,null,null,50.507666000,30.508167333,Патрульна поліція Національна полці України,null,null,50,null,null,null,null
13,null,null,1001,Україна,Київська область,null,null,Київ,просп.Червоної Калини,56,null,null,50.521646619,30.619629217,Патрульна поліція Національна полці України,null,null,50,null,null,null,null
14,null,null,1001,Україна,Київська область,null,null,Київ,просп.Червоної Калини,65,null,null,50.515083812,30.616043072,Патрульна поліція Національна полці України,null,null,50,null,null,null,null
15,null,null,1001,Україна,Київська область,null,null,Київ,бульв. Миколи Міхновського,36,null,null,50.420327553,30.549072760,Патрульна поліція Національна полці України,null,null,50,null,null,null,null
16,null,null,1001,Україна,Київська область,null,null,Київ,бульв. Миколи Міхновського,27,null,null,50.419049234,30.546285188,Патрульна поліція Національна полці України,null,null,50,null,null,null,null
17,null,null,1001,Україна,Київська область,null,null,Київ,Столичне шосе,58,null,null,50.327938943,30.561003554,Патрульна поліція Національна полці України,null,null,50,null,null,null,null
18,null,null,1001,Україна,Київська область,null,null,Київ,Столичне шосе,58,null,null,50.328135411,30.560799546,Патрульна поліція Національна полці України,null,null,50,null,null,null,null
19,null,null,1001,Україна,Київська область,null,null,Київ,Харківська площа (лівий проїзд),null,null,null,50.402691682,30.681791267,Патрульна поліція Національна полці України,null,null,50,null,null,null,null
20,null,null,1001,Україна,Київська область,null,null,Київ,Харківська площа (правий проїзд),null,null,null,50.402308433,30.682780430,Патрульна поліція Національна полці України,null,null,50,null,null,null,null
21,null,null,1001,Україна,Київська область,null,null,Київ,вул. Братиславська,9,г,null,50.478137805,30.617633744,Патрульна поліція Національна полці України,null,null,50,null,null,null,null
22,null,null,1001,Україна,Київська область,null,null,Київ,вул. Рональда Рейгана (ст. назва Теодора Драйзера),32,null,null,50.510666741,30.596805241,Патрульна поліція Національна полці України,null,null,50,null,null,null,null
23,null,null,1001,Україна,Київська область,null,null,Київ,вул. Наталії Ужвій,1,null,null,50.504209271,30.439399278,Патрульна поліція Національна полці України,null,null,50,null,null,null,null
24,null,null,1001,Україна,Київська область,null,null,Київ,"просп. Правди, 58",null,null,null,50.504728999,30.438247938,Патрульна поліція Національна полці України,null,null,50,null,null,null,null
25,null,null,1001,Україна,Київська область,null,null,Київ,"вул. Ярослава Івашкевича, 5",null,null,null,50.505157303,30.458702045,Патрульна поліція Національна полці України,null,null,50,null,null,null,null
26,null,null,1001,Україна,Київська область,null,null,Київ,вул. Автозаводська,24 січня,null,null,50.505090685,30.459498267,Патрульна поліція Національна полці України,null,null,50,null,null,null,null
27,null,null,1001,Україна,Київська область,null,null,Київ,просп. Голосіївський,96,null,null,50.390342531,30.500533836,Патрульна поліція Національна полці України,null,null,50,null,null,null,null
28,null,null,1001,Україна,Київська область,null,null,Київ,вул. Рональда Рейгана (ст. назва Теодора Драйзера),4,null,null,50.501488561,30.604526899,Патрульна поліція Національна полці України,null,null,50,null,null,null,null
29,null,null,1001,Україна,Київська область,null,null,Київ,вул. Рональда Рейгана (ст. назва Теодора Драйзера),9,null,null,50.501701456,30.603790585,Патрульна поліція Національна полці України,null,null,50,null,null,null,null
30,null,null,1001,Україна,Київська область,null,null,Київ,просп. Голосііївський,96,null,null,50.390329409,30.500937599,Патрульна поліція Національна полці України,null,null,50,null,null,null,null
31,null,null,1001,Україна,Житомирська область,null,null,Бердичів,вул. Одеська,27,null,null,49.882843453,28.592221285,Патрульна поліція Національна полці України,null,null,50,null,null,null,null
32,null,null,1001,Україна,Київська область,null,null,Бориспіль,вул. Броварська,1,а,null,50.366257674,30.920631618,Патрульна поліція Національна полці України,null,null,50,null,null,null,null
33,null,null,1001,Україна,Київська область,null,null,Бориспіль,вул. Київський шлях,2,б,null,50.366314,30.920041,Патрульна поліція Національна полці України,null,null,50,null,null,null,null
34,null,null,1001,Україна,Київська область,null,null,Біла Церква,просп. Незалежності (смуга руху у напрямку вул. Людмили Павличенко),40,null,null,49.7854285,30.1549716,Патрульна поліція Національна полці України,null,null,50,null,null,у напрямку вул. Митрофанова,null
35,null,null,1001,Україна,Київська область,null,null,Біла Церква,просп. Незалежності (смуга руху у напрямку вул. Людмили Павличенко),40,null,null,49.7854285,30.1549716,Патрульна поліція Національна полці України,null,null,50,null,null,у напрямку вул. Митрофанова,null
36,null,null,1001,Україна,Київська область,null,null,Біла Церква,просп. Князя Володимира (біля вул. Надрічна),96,null,null,49.7851693,30.1235142,Патрульна поліція Національна полці України,null,null,50,null,null,null,null
37,null,null,1001,Україна,Київська область,null,null,Біла Церква,просп. Князя Володимира (спуск з шляхопроводу в напрямку вул. Людмили Павличенко),null,null,null,49.78318,30.1385152,Патрульна поліція Національна полці України,null,null,50,null,null,у напрямку просп. Незалежності,null
38,null,null,1001,Україна,Київська область,null,null,Біла Церква,бульв. Олександрійський,54,null,null,49.809675405,30.095856195,Патрульна поліція Національна полці України,null,null,50,null,null,null,null
39,null,null,1001,Україна,Київська область,null,null,Біла Церква,бульв. Олександрійський,113,null,null,49.8093581,30.0956339,Патрульна поліція Національна полці України,null,null,50,null,null,у напрямку вул. Василя Стуса,null
40,null,null,1001,Україна,Київська область,null,null,Бровари,перехр. вул. Київська- вул. Героїв України – вул. Чорновола В’ячеслава,null,null,null,50.515296,30.783976,Патрульна поліція Національна полці України,null,null,50,null,null,у напрямку м. Чернігів (зустрічний транспорт),null
41,null,null,1001,Україна,Київська область,null,null,Бровари,перехр. вул. Київська- вул. Героїв України – вул. Чорновола В’ячеслава,null,null,null,50.514333,30.783599,Патрульна поліція Національна полці України,null,null,50,null,null,у напрямку м. Чернігів (попутний транспорт),null
42,null,null,1001,Україна,Київська область,null,null,Бровари,перехр. вул. Київська- вул. Шевченка,null,null,null,50.506307,30.777072,Патрульна поліція Національна полці України,null,null,50,null,null,у напрямку м. Чернігів (зустрічний транспорт),null
43,null,null,1001,Україна,Київська область,null,null,Бровари,перехр. вул. Київська- вул. Шевченка,null,null,null,50.505590,30.776793,Патрульна поліція Національна полці України,null,null,50,null,null,у напрямку м. Чернігів (попутний транспорт),null
44,null,null,1001,Україна,Київська область,null,null,Білогородка,"вул. Володимирська, біля вул. Завальна",2,null,null,50.397032,30.232410,Патрульна поліція Національна полці України,null,null,50,null,null,null,null
45,null,null,1001,Україна,Київська область,null,null,Вишгород,перех. вул. Шолуденка - вул. Борисо-Глібська,null,null,null,50.596378,30.47057,Патрульна поліція Національна полці України,null,null,50,null,null,у напрямку вул. Фруктова,null
46,null,null,1001,Україна,Київська область,null,null,Вишгород,перех. просп. Шевченка - вул. Набережна,null,null,null,50.581235,30.494491,Патрульна поліція Національна полці України,null,null,50,null,null,у напрямку вул. Київська,null
47,null,null,1001,Україна,Київська область,null,null,Обухів,вул. Київська,119,null,null,50.130971,30.658137,Патрульна поліція Національна полці України,null,null,50,null,null,у напрямку с. Таценки,null
48,null,null,1001,Україна,Київська область,null,null,Біла Церква,просп. Князя Володимира,null,null,null,49.78318,30.1385152,Патрульна поліція Національна полці України,null,null,50,null,null,у напрямку просп. Незалежності (спуск з шляхопроводу в напрямку вул. Людмили Павличенко),null
49,null,null,49000,Україна,Дніпропетровська область,null,null,Дніпро,вул. Набережна Заводська,64,null,null,48.490806,34.971194,Патрульна поліція Національна полці України,null,null,70,null,null,null,null
50,null,null,49000,Україна,Дніпропетровська область,null,null,Дніпро,вул. Набережна Перемоги,38,а,null,48.444639,35.073028,Патрульна поліція Національна полці України,null,null,70,null,null,null,null
51,null,null,21000,Україна,Вінницька область,null,null,Вінниця,вул. Келецька,30,null,null,49.225992416,28.438422039,Патрульна поліція Національна полці України,null,null,50,null,null,null,null
52,null,null,21000,Україна,Вінницька область,null,null,Вінниця,вул. Київська,126,null,null,49.26233354,28.473140515,Патрульна поліція Національна полці України,null,null,50,null,null,null,null
53,null,null,21000,Україна,Вінницька область,null,null,Вінниця,вул. Київська,65,null,null,49.253494995,28.473140515,Патрульна поліція Національна полці України,null,null,50,null,null,null,null
54,null,null,21000,Україна,Вінницька область,null,null,Вінниця,вул. Пирогова,61,null,null,49.223971451,28.444260532,Патрульна поліція Національна полці України,null,null,50,null,null,null,null
55,null,null,21000,Україна,Вінницька область,null,null,Вінниця,просп. Юності,46,null,null,49.220940695,28.41011404,Патрульна поліція Національна полці України,null,null,50,null,null,null,null
56,null,null,21000,Україна,Вінницька область,null,null,Вінниця,вул. В'ячеслава Чорновола (біля Київського мосту),null,null,null,49.239593,28.467521,Патрульна поліція Національна полці України,null,null,50,null,null,null,null
57,null,null,21000,Україна,Вінницька область,null,null,Вінниця,перехр. Немирівського шосе та вулиці Покровська,null,null,null,49.223383,28.551465,Патрульна поліція Національна полці України,null,null,50,null,null,null,null
58,null,null,10000,Україна,Житомирська область,null,null,Житомир,Чуднівський міст в напрямку вул. Качинського,null,null,null,50.246407813,28.653959287,Патрульна поліція Національна полці України,null,null,50,null,null,null,null
59,null,null,10000,Україна,Житомирська область,null,null,Житомир,Чуднівський міст в напрямку Радивилівська,null,null,null,50.247304887,28.655245563,Патрульна поліція Національна полці України,null,null,50,null,null,null,null
60,null,null,10000,Україна,Житомирська область,null,null,Житомир,вул. Перемоги,86,null,null,50.274130846,28.647820431,Патрульна поліція Національна полці України,null,null,50,null,null,null,null
61,null,null,76000,Україна,Івано-Франківська область,null,null,Івано-Франківськ,вул. Галицька,144,null,null,48.949949711 24.697047247,48.949949711 24.697047247,Патрульна поліція Національна полці України,null,null,50,null,null,null,null
62,null,null,76000,Україна,м. Івано-Франківськ,null,null,Івано-Франківськ,вул. Крихівецька,216,null,null,48.893246317,24.656172588,Патрульна поліція Національна полці України,null,null,50,null,null,null,null
63,null,null,76000,Україна,Івано-Франківська область,null,null,Івано-Франківськ,вул. Тисменицька,311,null,null,48.911474177,24.765657901,Патрульна поліція Національна полці України,null,null,50,null,null,null,null
64,null,null,76000,Україна,Івано-Франківська область,null,null,Івано-Франківськ,вул. Євгена Коновальця,320,null,null,48.876089098,24.706557984,Патрульна поліція Національна полці України,null,null,50,null,null,null,null
65,null,null,76000,Україна,Івано-Франківська область,null,null,Івано-Франківськ,вул. Євгена Коновальця,411,null,null,48.875342748,24.706662233,Патрульна поліція Національна полці України,null,null,50,null,null,null,null
66,null,null,36000,Україна,Полтавська область,null,null,Кременчук,274-й квартал,4,null,null,49.109669119,33.437302785,Патрульна поліція Національна полці України,null,null,50,null,null,null,null
67,null,null,36000,Україна,Полтавська область,null,null,Кременчук,просп. Свободи,120/25,null,null,49.096119485,33.431755901,Патрульна поліція Національна полці України,null,null,50,null,null,null,null
68,null,null,36000,Україна,Полтавська область,null,null,Кременчук,просп. Полтавський,265,null,null,49.116751537,33.487266647,Патрульна поліція Національна полці України,null,null,50,null,null,null,null
69,null,null,36000,Україна,Полтавська область,null,null,Кременчук,вул. Вадима Пугачова,6,д,null,49.09627079,33.446887608,Патрульна поліція Національна полці України,null,null,50,null,null,null,null
70,null,null,36000,Україна,Полтавська область,null,null,Кременчук,вул. Андрія Ковальова,17,null,null,49.110197156,33.437328367,Патрульна поліція Національна полці України,null,null,50,null,null,null,null
71,null,null,36000,Україна,Полтавська область,null,null,Кременчук,просп. Свободи,69,а,null,49.096474833,33.431396787,Патрульна поліція Національна полці України,null,null,50,null,null,null,null
72,null,null,49000,Україна,Дніпропетровська область,null,null,Кривий Ріг,вул. Нікопольське шосе,22,null,null,47.926140,33.430032,Патрульна поліція Національна полці України,null,null,50,null,null,у напрямку вул. 21-ї бригади Національної гвардії,null
73,null,null,49000,Україна,Дніпропетровська область,null,null,Кривий Ріг,вул. Нікопольське шосе,22,null,null,47.926388,33.430500,Патрульна поліція Національна полці України,null,null,50,null,null,у напрямку Дніпровського шосе,null
74,null,null,49000,Україна,Дніпропетровська область,null,null,Кривий Ріг,вул. Вільної Ічкерії,11,null,null,47.926452908,33.387491642,Патрульна поліція Національна полці України,null,null,50,null,null,null,null
75,null,null,49000,Україна,Дніпропетровська область,null,null,Кривий Ріг,вул. Вільної Ічкерії,13,null,null,47.924042572,33.387548028,Патрульна поліція Національна полці України,null,null,50,null,null,null,null
76,null,null,49000,Україна,Дніпропетровська область,null,null,Кривий Ріг,просп. 200-річчя Кривого Рогу,14,null,null,47.960027,33.435972,Патрульна поліція Національна полці України,null,null,50,null,null,(навпроти) у напрямку вул. Співдружності,null
77,null,null,49000,Україна,Дніпропетровська область,null,null,Кривий Ріг,просп. 200-річчя Кривого Рогу,14,null,null,47.960972,33.435722,Патрульна поліція Національна полці України,null,null,50,null,null,у напрямку вул. Виноградна,null
78,null,null,25000,Україна,Кіровоградська область,null,null,Кропивницький,вул. Габдрахманова,50,null,null,48.507277511,32.242755242,Патрульна поліція Національна полці України,null,null,50,null,null,null,null
79,null,null,25000,Україна,Кіровоградська область,null,null,Кропивницький,вул. Габдрахманова,35,а,null,48.506885696,32.24270834,Патрульна поліція Національна полці України,null,null,50,null,null,null,null
80,null,null,25000,Україна,Кіровоградська область,null,null,Кропивницький,вул. Яновського,65,null,null,48.492737,32.256480,Патрульна поліція Національна полці України,null,null,50,null,null,null,null
81,null,null,25000,Україна,Кіровоградська область,null,null,Кропивницький,вул. Холодноярська,196,null,null,48.577228,32.241940,Патрульна поліція Національна полці України,null,null,50,null,null,null,null
82,null,null,25000,Україна,Кіровоградська область,null,null,Кропивницький,вул. Полтавська,40,null,null,48.520710,32.286923,Патрульна поліція Національна полці України,null,null,50,null,null,null,null
83,null,null,76000,Україна,Івано-Франківська область,null,null,Калуш,просп. Лесі Українки,27,null,null,49.027196,24.361472,Патрульна поліція Національна полці України,null,null,50,null,null,null,null
84,null,null,76000,Україна,Івано-Франківська область,null,null,Калуш,вул. Богдана Хмельницького,19,null,null,49.039757,24.354834,Патрульна поліція Національна полці України,null,null,50,null,null,null,null
85,null,null,43000,Україна,Волинська область,null,null,Луцьк,вул. Ковельська,147,null,null,50.754948239,25.289081907,Патрульна поліція Національна полці України,null,null,50,null,null,null,null
86,null,null,43000,Україна,Волинська область,null,null,Луцьк,вул. В'ячеслава Чорновола,17,null,null,50.748918937,25.359178172,Патрульна поліція Національна полці України,null,null,50,null,null,null,null
87,null,null,43000,Україна,Волинська область,null,null,Луцьк,вул. Ковельська,144,null,null,50.7544114256,25.289685076,Патрульна поліція Національна полці України,null,null,50,null,null,null,null
88,null,null,43000,Україна,Волинська область,null,null,Луцьк,вул. Конякіна,18,А,null,50.769657767,25.357070027,Патрульна поліція Національна полці України,null,null,50,null,null,null,null
89,null,null,79000,Україна,Львівська область,null,null,Львів,просп. Святого Івана Павла ІІ,8,null,null,49.800429,24.029371,Патрульна поліція Національна полці України,null,null,50,null,null,null,null
90,null,null,79000,Україна,Львівська область,null,null,Львів,просп. Святого Івана Павла ІІ,35,null,null,49.800535,24.031119,Патрульна поліція Національна полці України,null,null,50,null,null,null,null
91,null,null,79000,Україна,Львівська область,null,null,Львів,вул. Стрийська,292,null,null,49.788716112,24.014850132,Патрульна поліція Національна полці України,null,null,50,null,null,null,null
92,null,null,79000,Україна,Львівська область,null,null,Львів,вул. Стрийська,35,null,null,49.816769857,24.020148318,Патрульна поліція Національна полці України,null,null,50,null,null,null,null
93,null,null,79000,Україна,Львівська область,null,null,Львів,вул. Княгині Ольги,100,К,null,49.817723712,49.817723712 24.003101422,Патрульна поліція Національна полці України,null,null,50,null,null,null,null
94,null,null,79000,Україна,Львівська область,null,null,Львів,вул. Василя Стуса,39,null,null,49.819003167,24.042046833,Патрульна поліція Національна полці України,null,null,50,null,null,null,null
95,null,null,79000,Україна,Львівська область,null,null,Львів,вул. Володимира Великого,18,null,null,49.810272721,24.002662224,Патрульна поліція Національна полці України,null,null,50,null,null,null,null
96,null,null,79000,Україна,Львівська область,null,null,Львів,вул. Сихівська,16,А,null,49.794809743,24.064363983,Патрульна поліція Національна полці України,null,null,50,null,null,null,null
97,null,null,79000,Україна,Львівська область,null,null,Львів,вул. Шевченка,313,null,null,49.870329546,23.945802112,Патрульна поліція Національна полці України,null,null,50,null,null,null,null
98,null,null,79000,Україна,Львівська область,null,null,Львів,вул. Любінська,89,null,null,49.823763,23.976740,Патрульна поліція Національна полці України,null,null,50,null,null,null,null
99,null,null,79000,Україна,Львівська область,null,null,Львів,вул. Любінська,92,null,null,49.824570,23.977820,Патрульна поліція Національна полці України,null,null,50,null,null,null,null
100,null,null,79000,Україна,Львівська область,null,null,Львів,вул. Богданівська,44,null,null,49.856024,24.075212,Патрульна поліція Національна полці України,null,null,50,null,null,null,null
101,null,null,79000,Україна,Львівська область,null,null,Львів,вул. Кульпарківська,93,null,null,23.988639,49.821078,Патрульна поліція Національна полці України,null,null,50,null,null,null,null
102,null,null,79000,Україна,Львівська область,null,null,Львів,вул. Кульпарківська,64,А,null,49.826139,23.989828,Патрульна поліція Національна полці України,null,null,50,null,null,null,null
103,null,null,88000,Україна,Закарпатська область,null,null,Мукачево,вул. Великогірна,51,null,null,48.428169358,22.743246101,Патрульна поліція Національна полці України,null,null,50,null,null,null,null
104,null,null,54000,Україна,Миколаївська область,null,null,Миколаїв,просп. Героїв України,9,Т,null,46.986899303,31.998135225,Патрульна поліція Національна полці України,null,null,50,null,null,у напрямку пров. Парковий,null
105,null,null,54000,Україна,Миколаївська область,null,null,Миколаїв,просп. Героїв України,9,Т,null,46.986318969,31.998382908,Патрульна поліція Національна полці України,null,null,50,null,null,у напрямку вул. Пушкінська,null
106,null,null,54000,Україна,Миколаївська область,null,null,Миколаїв,просп. Героїв України,20,null,null,47.002175055,31.99697919,Патрульна поліція Національна полці України,null,null,50,null,null,null,null
107,null,null,54000,Україна,Миколаївська область,null,null,Миколаїв,просп. Героїв України,55,null,null,47.001858009,31.997262228,Патрульна поліція Національна полці України,null,null,50,null,null,null,null
108,null,null,54000,Україна,Миколаївська область,null,null,Миколаїв,просп. Центральний,160,null,null,46.965325247,32.016361852,Патрульна поліція Національна полці України,null,null,50,null,null,null,null
109,null,null,54000,Україна,Миколаївська область,null,null,Миколаїв,просп. Центральний,96,null,null,46.966308378,31.999512255,Патрульна поліція Національна полці України,null,null,50,null,null,null,null
110,null,null,54000,Україна,Миколаївська область,null,null,Миколаїв,просп. Богоявленський,140,null,null,46.917921563,32.045738198,Патрульна поліція Національна полці України,null,null,50,null,null,null,null
111,null,null,54000,Україна,Миколаївська область,null,null,Миколаїв,просп. Богоявленський,125,null,null,46.918633525,32.045615133,Патрульна поліція Національна полці України,null,null,50,null,null,null,null
112,null,null,54000,Україна,Миколаївська область,null,null,Миколаїв,просп. Богоявленський,55/2,null,null,46.927430678,32.04498393,Патрульна поліція Національна полці України,null,null,50,null,null,null,null
113,null,null,54000,Україна,Миколаївська область,null,null,Миколаїв,просп. Богоявленський,42,А,null,46.927069886,32.04542666,Патрульна поліція Національна полці України,null,null,50,null,null,null,null
114,null,null,54000,Україна,Миколаївська область,null,null,Миколаїв,вул. Велика Морська,13,null,null,46.980198996,31.972648979,Патрульна поліція Національна полці України,null,null,50,null,null,null,null
115,null,null,54000,Україна,Миколаївська область,null,null,Миколаїв,просп. Центральний,93,null,null,46.966000904,31.999068159,Патрульна поліція Національна полці України,null,null,50,null,null,null,null
116,null,null,66000,Україна,Одеська область,null,null,Одеса,просп. Добровольського,123,А,null,46.584943694,30.789027593,Патрульна поліція Національна полці України,null,null,50,null,null,null,null
117,null,null,66000,Україна,Одеська область,null,null,Одеса,просп. Шевченка,4,А,null,46.459230402,30.749679943,Патрульна поліція Національна полці України,null,null,50,null,null,null,null
118,null,null,66000,Україна,Одеська область,null,null,Одеса,Миколаївська дорога,287,null,null,46.552339509,30.75869431,Патрульна поліція Національна полці України,null,null,50,null,null,null,null
119,null,null,66000,Україна,Одеська область,null,null,Одеса,просп. Небесної Сотні,4,null,null,46.401493244,30.709014314,Патрульна поліція Національна полці України,null,null,50,null,null,null,null
120,null,null,66000,Україна,Одеська область,null,null,Одеса,Миколаївська дорога,205,null,null,46.535377126,30.736285495,Патрульна поліція Національна полці України,null,null,50,null,null,null,null
121,null,null,66000,Україна,Одеська область,null,null,Одеса,вул. Семена Палія,80,null,null,46.571250313,30.792430396,Патрульна поліція Національна полці України,null,null,50,null,null,null,null
122,null,null,66000,Україна,Одеська область,null,null,Одеса,Південна дорога,39,null,null,46.560850564,30.779587265,Патрульна поліція Національна полці України,null,null,50,null,null,null,null
123,null,null,66000,Україна,Одеська область,null,null,Одеса,Південна дорога,2,null,null,46.560663674,30.779216306,Патрульна поліція Національна полці України,null,null,50,null,null,null,null
124,null,null,66000,Україна,Одеська область,null,null,Одеса,вул. Семена Палія,25,А,null,46.570918995,30.792602017,Патрульна поліція Національна полці України,null,null,50,null,null,null,null
125,null,null,36000,Україна,Полтавська область,null,null,Полтава,вул. Світанкова,14,null,null,49.578069765,34.492449277,Патрульна поліція Національна полці України,null,null,50,null,null,null,null
126,null,null,36000,Україна,Полтавська область,null,null,Полтава,вул. Великотирнівська,19,null,null,49.577323675,34.492615293,Патрульна поліція Національна полці України,null,null,50,null,null,null,null
127,null,null,36000,Україна,Полтавська область,null,null,Полтава,вул. Решетилівська,35/14,null,null,49.599615147,34.51403095,Патрульна поліція Національна полці України,null,null,50,null,null,null,null
128,null,null,36000,Україна,Полтавська область,null,null,Полтава,вул. Решетилівська,32,null,null,49.59987226,34.515139886,Патрульна поліція Національна полці України,null,null,50,null,null,null,null
129,null,null,36000,Україна,Полтавська область,null,null,Полтава,вул. Героїв АТО,31,null,null,49.573296955,34.52763214,Патрульна поліція Національна полці України,null,null,50,null,null,null,null
130,null,null,36000,Україна,Полтавська область,null,null,Полтава,вул. Європейська,108,null,null,49.566684155,34.530103254,Патрульна поліція Національна полці України,null,null,50,null,null,null,null
131,null,null,36000,Україна,Полтавська область,null,null,Полтава,вул. Європейська,155,null,null,49.565620043,34.529753953,Патрульна поліція Національна полці України,null,null,50,null,null,null,null
132,null,null,49000,Україна,Дніпропетровська область,null,null,Павлоград,вул. Дніпровська,409,null,null,48.501139,35.914500,Патрульна поліція Національна полці України,null,null,50,null,null,null,null
133,null,null,49000,Україна,Дніпропетровська область,null,null,Павлоград,вул. Дніпровська,16,null,null,48.529960,35.841518,Патрульна поліція Національна полці України,null,null,50,null,null,null,null
134,null,null,33000,Україна,Рівненська область,null,null,Рівне,"вул. Київська,",92,null,null,50.613657,26.303767,Патрульна поліція Національна полці України,null,null,50,null,null,в напрямку вул. Федорова,null
135,null,null,33000,Україна,Рівненська область,null,null,Рівне,вул. Київська,92,null,null,50.613620,26.305090,Патрульна поліція Національна полці України,null,null,50,null,null,в напрямку вул. Захисників Маріуполя,null
136,null,null,33000,Україна,Рівненська область,null,null,Рівне,вул. Соборна,416,null,null,50.635843,26.211943,Патрульна поліція Національна полці України,null,null,50,null,null,null,null
137,null,null,46000,Україна,Тернопільська область,null,null,Тернопіль,просп. Злуки,47,Б,null,49.557221752,25.633085931,Патрульна поліція Національна полці України,null,null,50,null,null,null,null
138,null,null,46000,Україна,Тернопільська область,null,null,Тернопіль,просп. Злуки,45,Б,null,49.557571923,25.631186302,Патрульна поліція Національна полці України,null,null,50,null,null,null,null
139,null,null,46000,Україна,Тернопільська область,null,null,Тернопіль,вул. Степана Будного,28,null,null,49.541121927,25.566854092,Патрульна поліція Національна полці України,null,null,50,null,null,null,null
140,null,null,46000,Україна,Тернопільська область,null,null,Тернопіль,вул. Протасевича,8,null,null,49.542796207,25.633201143,Патрульна поліція Національна полці України,null,null,50,null,null,null,null
141,null,null,46000,Україна,Тернопільська область,null,null,Тернопіль,просп. Степана Бандери,90,null,null,49.548753303,25.628049249,Патрульна поліція Національна полці України,null,null,50,null,null,null,null
142,null,null,88000,Україна,Закарпатська область,null,null,Ужгород,вул. Минайська,8,null,null,48.611167,22.291667,Патрульна поліція Національна полці України,null,null,50,null,null,null,null
143,null,null,88000,Україна,Закарпатська область,null,null,Ужгород,вул. Минайська,24,null,null,48.606333,22.288611,Патрульна поліція Національна полці України,null,null,50,null,null,null,null
144,null,null,88000,Україна,Закарпатська область,null,null,Ужгород,вул.Собранецька,152,null,null,48.638989,22.271784,Патрульна поліція Національна полці України,null,null,50,null,null,null,null
145,null,null,29000,Україна,Хмельницька область,null,null,Хмельницький,вул. Кам'янецька,132,null,null,49.393275785,26.956385164,Патрульна поліція Національна полці України,null,null,50,null,null,null,null
146,null,null,29000,Україна,Хмельницька область,null,null,Хмельницький,вул. Вінницьке шосе,08.січ.,null,null,49.421743041,27.066266602,Патрульна поліція Національна полці України,null,null,50,null,null,null,null
147,null,null,29000,Україна,Хмельницька область,null,null,Хмельницький,просп. Миру,65,null,null,49.438579571,27.004580873,Патрульна поліція Національна полці України,null,null,50,null,null,null,null
148,null,null,88000,Україна,Закарпатська область,null,null,Хуст,вул. Волошина,81,null,null,48.180013227,23.279630358,Патрульна поліція Національна полці України,null,null,50,null,null,null,null
149,null,null,88000,Україна,Закарпатська область,null,null,Хуст,вул. Івана Франка,165,null,null,48.157288931,23.304786611,Патрульна поліція Національна полці України,null,null,50,null,null,null,null
150,null,null,88000,Україна,Закарпатська область,null,null,Хуст,вул. Львівська,157,null,null,48.187238243,23.300804641,Патрульна поліція Національна полці України,null,null,50,null,null,null,null
151,null,null,18000,Україна,Черкаська область,null,null,Черкаси,просп. Хіміків,30,null,null,49.406840549,32.046665118,Патрульна поліція Національна полці України,null,null,50,null,null,null,null
152,null,null,18000,Україна,Черкаська область,null,null,Черкаси,вул. Благовісна,36/47,null,null,49.452627194,32.034519816,Патрульна поліція Національна полці України,null,null,50,null,null,null,null
153,null,null,18000,Україна,Черкаська область,null,null,Черкаси,вул. Надпільна,208,null,null,49.443348658,32.046736009,Патрульна поліція Національна полці України,null,null,50,null,null,null,null
154,null,null,18000,Україна,Черкаська область,null,null,Черкаси,вул. Благовісна,341/140,null,null,49.431805394,32.07241725,Патрульна поліція Національна полці України,null,null,50,null,null,null,null
155,null,null,18000,Україна,Черкаська область,null,null,Черкаси,просп. Хіміків,50,null,null,49.406644333,32.047587106,Патрульна поліція Національна полці України,null,null,50,null,null,null,null
156,null,null,18000,Україна,Черкаська область,null,null,Черкаси,вул. Чорновола,119,null,null,49.421379,32.073555,Патрульна поліція Національна полці України,null,null,50,null,null,null,null
157,null,null,18000,Україна,Черкаська область,null,null,Черкаси,вул. Сумгаїтська,21,null,null,49.435303,32.016863,Патрульна поліція Національна полці України,null,null,50,null,null,у напрямку вул. Віталія Вергая,null
158,null,null,18000,Україна,Черкаська область,null,null,Черкаси,вул. Сумгаїтська,21,null,null,49.435211,32.016323,Патрульна поліція Національна полці України,null,null,50,null,null,у напрямку вул. Академіка Корольова,null
159,null,null,18000,Україна,Черкаська область,null,null,Золотоноша,вул. Шевченка,107,null,null,49.664417,32.053750,Патрульна поліція Національна полці України,null,null,50,null,null,у напрямку вул. Соборна,null
160,null,null,58000,Україна,Чернівецька область,null,null,Чернівці,просп. Незалежності,125,null,null,48.268111,25.932944,Патрульна поліція Національна полці України,null,null,50,null,null,null,null
161,null,null,58000,Україна,Чернівецька область,null,null,Чернівці,просп. Незалежності,94,null,null,48.268694,25.929639,Патрульна поліція Національна полці України,null,null,50,null,null,null,null
162,null,null,58000,Україна,Чернівецька область,null,null,Чернівці,вул. Героїв Майдану,160,null,null,48.272083,25.928417,Патрульна поліція Національна полці України,null,null,50,null,null,null,null
163,null,null,58000,Україна,Чернівецька область,null,null,Чернівці,вул. Галицький шлях,46,В,null,48.321750,25.907278,Патрульна поліція Національна полці України,null,null,50,null,null,null,null
164,null,null,58000,Україна,Чернівецька область,null,null,Чернівці,Південний під'їзд до м. Чернівці,null,null,null,48.228889,25.978444,Патрульна поліція Національна полці України,null,null,50,null,null,null,null
165,null,null,58000,Україна,Чернівецька область,null,null,Чернівці,вул. Винниченка,116,null,null,48.277060523,25.964965285,Патрульна поліція Національна полці України,null,null,50,null,null,null,null
166,null,null,58000,Україна,Чернівецька область,null,null,Чернівці,Старожучківський шлях,null,null,null,48.297695969,25.961748506,Патрульна поліція Національна полці України,null,null,50,null,null,у напрямку вул. Старокостянтинівська,null
167,null,null,58000,Україна,Чернівецька область,null,null,Чернівці,Старожучківський шлях,null,null,null,48.298074436,25.961180291,Патрульна поліція Національна полці України,null,null,50,null,null,у напрямку вул. Білоруська,null
168,null,null,58000,Україна,Чернівецька область,null,null,Чернівці,вул. Винниченка,97,null,null,48.27733895,25.965140904,Патрульна поліція Національна полці України,null,null,50,null,null,null,null
169,null,null,14000,Україна,Чернігівська область,null,null,Чернігів,перехрестя просп. Миру - вул. Лісковицька,null,null,null,51.476482,31.302757,Патрульна поліція Національна полці України,null,null,50,null,null,в напрямку вул. Урочище Святе,null
170,null,null,14000,Україна,Чернігівська область,null,null,Чернігів,вул. Шевченка,101,null,null,51.506358,31.337475,Патрульна поліція Національна полці України,null,null,50,null,null,null,null
171,null,null,14000,Україна,Чернігівська область,null,null,Чернігів,вул. Шевченка,114,null,null,51.507212,31.339237,Патрульна поліція Національна полці України,null,null,50,null,null,null,null
172,null,null,14000,Україна,Чернігівська область,null,null,Чернігів,просп. Левка Лук'яненка,12,2,null,51.510218369,31.328522939,Патрульна поліція Національна полці України,null,null,50,null,null,null,null
173,null,null,14000,Україна,Чернігівська область,null,null,Чернігів,просп. Миру,192,null,null,51.520277986,31.273892338,Патрульна поліція Національна полці України,null,null,50,null,null,null,null
174,null,null,14000,Україна,Чернігівська область,null,null,Чернігів,просп. Миру,296,null,null,51.533845284,31.266375383,Патрульна поліція Національна полці України,null,null,50,null,null,null,null
175,null,null,14000,Україна,Чернігівська область,null,null,Чернігів,просп. Миру,241,А,null,51.533478495,31.266831146,Патрульна поліція Національна полці України,null,null,50,null,null,null,null
176,null,null,14000,Україна,Чернігівська область,null,null,Чернігів,вул. Івана Мазепи,55,null,null,51.481449710,31.271558375,Патрульна поліція Національна полці України,null,null,50,null,null,null,null
177,null,null,14000,Україна,Чернігівська область,null,null,Чернігів,вул. Івана Мазепи,58,null,null,51.481467488,31.271846397,Патрульна поліція Національна полці України,null,null,50,null,null,null,null
178,null,null,14000,Україна,Чернігівська область,null,null,Чернігів,вул. Жабинського,2,Б,null,51.490189819,31.269676283,Патрульна поліція Національна полці України,null,null,50,null,null,null,null
179,null,null,14000,Україна,Чернігівська область,null,null,Чернігів,вул. Козацька,22,null,null,51.512393836,31.267252783,Патрульна поліція Національна полці України,null,null,50,null,null,null,null
180,null,null,1001,Україна,Київська область,null,null,Київська область,Київ – Чернігів – Нові Яриловичі,null,null,null,50.507083,30.842250,Патрульна поліція Національна полці України,null,null,50,null,null,в напрямку м. Київ,null
181,null,null,1001,Україна,Київська область,null,null,Київська область,Київ – Чернігів – Нові Яриловичі,null,null,null,50.507250,30.841861,Патрульна поліція Національна полці України,null,null,50,null,null,в напрямку м. Чернігів,null
182,null,null,1001,Україна,Київська область,null,null,Київська область,Київ-Харків-Довжанський,null,null,null,50.206526523,31.776737712,Патрульна поліція Національна полці України,null,null,110,null,null,null,null
183,null,null,1001,Україна,Київська область,null,null,Київська область,Київ-Харків-Довжанський,null,null,null,50.206349063,31.776124891,Патрульна поліція Національна полці України,null,null,110,null,null,null,null
184,null,null,1001,Україна,Київська область,null,null,Київська область,Київ-Харків-Довжанський,null,null,null,50.307689466,31.085828805,Патрульна поліція Національна полці України,null,null,110,null,null,null,null
185,null,null,1001,Україна,Київська область,null,null,Київська область,Київ-Одеса,null,null,null,50.256225699,30.306940114,Патрульна поліція Національна полці України,null,null,110,null,null,null,null
186,null,null,1001,Україна,Київська область,null,null,Київська область,Київ-Одеса,null,null,null,50.318085323,30.387992873,Патрульна поліція Національна полці України,null,null,50,null,null,null,null
187,null,null,1001,Україна,Київська область,null,null,Київська область,Київ-Одеса,null,null,null,50.214179175,30.250308779,Патрульна поліція Національна полці України,null,null,50,null,null,null,null
188,null,null,1001,Україна,Київська область,null,null,Київська область,Київ-Одеса,null,null,null,50.213358378,30.250002522,Патрульна поліція Національна полці України,null,null,50,null,null,null,null
189,null,null,1001,Україна,Київська область,null,null,Київська область,Київ-Одеса,null,null,null,50.258287315,30.310923782,Патрульна поліція Національна полці України,null,null,70,null,null,null,null
190,null,null,1001,Україна,Київська область,null,null,Київська область,Київ-Одеса,null,null,null,50.281932801,30.345964549,Патрульна поліція Національна полці України,null,null,70,null,null,null,null
191,null,null,1001,Україна,Київська область,null,null,Київська область,Київ-Одеса,null,null,null,50.279347824,30.344920959,Патрульна поліція Національна полці України,null,null,70,null,null,null,null
192,null,null,1001,Україна,Київська область,null,null,Київська область,Київ-Одеса,null,null,null,50.346160598,30.422015569,Патрульна поліція Національна полці України,null,null,50,null,null,null,null
193,null,null,1001,Україна,Київська область,null,null,Київська область,Київ-Одеса,null,null,null,50.342830936,30.417507574,Патрульна поліція Національна полці України,null,null,50,null,null,null,null
194,null,null,1001,Україна,Київська область,null,null,Київська область,Київ-Одеса,null,null,null,50.185933,30.218654,Патрульна поліція Національна полці України,null,null,70,null,null,у напрямку м. Київ,null
195,null,null,1001,Україна,Київська область,null,null,Київська область,Київ-Одеса,null,null,null,50.183132,30.218108,Патрульна поліція Національна полці України,null,null,70,null,null,у напрямку м. Одеса,null
196,null,null,1001,Україна,Київська область,null,null,Київська область,Київ-Чоп,null,null,null,50.446310145,30.225973513,Патрульна поліція Національна полці України,null,null,70,null,null,null,null
197,null,null,1001,Україна,Київська область,null,null,Київська область,Київ-Чоп,null,null,null,50.446327614,30.226586532,Патрульна поліція Національна полці України,null,null,70,null,null,null,null
198,null,null,1001,Україна,Київська область,null,null,Київська область,Київ-Чоп,null,null,null,50.418557212,29.835235967,Патрульна поліція Національна полці України,null,null,110,null,null,null,null
199,null,null,1001,Україна,Київська область,null,null,Київська область,Київ-Чоп,null,null,null,50.421495303,29.886017119,Патрульна поліція Національна полці України,null,null,110,null,null,null,null
200,null,null,1001,Україна,Київська область,null,null,Київська область,Київ-Чоп,null,null,null,50.412136102,29.607616926,Патрульна поліція Національна полці України,null,null,110,null,null,null,null
201,null,null,1001,Україна,Київська область,null,null,Київська область,Київ-Ковель-Ягодин,null,null,null,50.596001071,30.018298938,Патрульна поліція Національна полці України,null,null,90,null,null,null,null
202,null,null,1001,Україна,Київська область,null,null,Київська область,Київ-Ковель-Ягодин,null,null,null,50.568831759,30.098156945,Патрульна поліція Національна полці України,null,null,50,null,null,null,null
203,null,null,1001,Україна,Київська область,null,null,Київська область,Київ-Ковель-Ягодин,null,null,null,50.553370914,30.28347603,Патрульна поліція Національна полці України,null,null,50,null,null,у напрямку м. Київ,null
204,null,null,1001,Україна,Київська область,null,null,Київська область,Київ-Обухів,null,null,null,50.308709137,30.571787545,Патрульна поліція Національна полці України,null,null,50,null,null,null,null
205,null,null,1001,Україна,Київська область,null,null,Київська область,Київ-Обухів,null,null,null,50.308101724,30.572394639,Патрульна поліція Національна полці України,null,null,50,null,null,null,null
206,null,null,1001,Україна,Київська область,null,null,Київська область,Київ-Обухів,null,null,null,50.261512088,30.618615795,Патрульна поліція Національна полці України,null,null,50,null,null,null,null
207,null,null,1001,Україна,Київська область,null,null,Київська область,Київ-Обухів,null,null,null,50.259383011,30.620388516,Патрульна поліція Національна полці України,null,null,50,null,null,null,null
208,null,null,1001,Україна,Київська область,null,null,Київська область,Київ-Обухів,null,null,null,50.226536403,30.643353059,Патрульна поліція Національна полці України,null,null,50,null,null,null,null
209,null,null,1001,Україна,Київська область,null,null,Київська область,Київ-Обухів,null,null,null,50.225720333,30.644214899,Патрульна поліція Національна полці України,null,null,50,null,null,null,null
210,null,null,1001,Україна,Київська область,null,null,Київська область,Київ-Іванків-Овруч,null,null,null,50.652786,30.408656,Патрульна поліція Національна полці України,null,null,50,null,null,null,null
211,null,null,1001,Україна,Київська область,null,null,Київська область,Київ-Іванків-Овруч,null,null,null,50.662362,30.403434,Патрульна поліція Національна полці України,null,null,50,null,null,null,null
212,null,null,1001,Україна,Київська область,null,null,Київська область,Київ - Іванків - Овруч,null,null,null,50.627301,30.442579,Патрульна поліція Національна полці України,null,null,50,null,null,у напрямку м. Київ,null
213,null,null,1001,Україна,Київська область,null,null,Київська область,Київ-Знамянка,null,null,null,50.253120067,30.554389152,Патрульна поліція Національна полці України,null,null,50,null,null,null,null
214,null,null,1001,Україна,Київська область,null,null,Київська область,Київ-Знамянка,null,null,null,50.253229051,30.554770341,Патрульна поліція Національна полці України,null,null,50,null,null,null,null
215,null,null,25000,Україна,Кіровоградська область,null,null,Кіровоградська область,Київ-Одеса,null,null,null,48.383985761,30.246292617,Патрульна поліція Національна полці України,null,null,110,null,null,null,null
216,null,null,25000,Україна,Кіровоградська область,null,null,Кіровоградська область,Київ-Одеса,null,null,null,48.337709264,30.254345783,Патрульна поліція Національна полці України,null,null,110,null,null,null,null
217,null,null,21000,Україна,Вінницька область,null,null,Вінницька область,Виступовичі–Житомир–Могилів-Подільський,null,null,null,49.320542206,28.501842865,Патрульна поліція Національна полці України,null,null,50,null,null,null,null
218,null,null,21000,Україна,Вінницька область,null,null,Вінницька область,Виступовичі–Житомир–Могилів-Подільський,null,null,null,49.320199139,28.501113591,Патрульна поліція Національна полці України,null,null,50,null,null,null,null
219,null,null,21000,Україна,Вінницька область,null,null,Вінницька область,Виступовичі–Житомир–Могилів-Подільський,null,null,null,49.242592,28.404927,Патрульна поліція Національна полці України,null,null,50,null,null,null,null
220,null,null,21000,Україна,Вінницька область,null,null,Вінницька область,Стрий-Умань-Дніпро-Ізварине,null,null,null,49.109723,28.700791,Патрульна поліція Національна полці України,null,null,50,null,null,null,null
221,null,null,21000,Україна,Вінницька область,null,null,Вінницька область,Стрий-Умань-Дніпро-Ізварине,null,null,null,49.2516049,28.3628564,Патрульна поліція Національна полці України,null,null,50,null,null,null,null
222,null,null,21000,Україна,Вінницька область,null,null,Вінницька область,Стрий-Умань-Дніпро-Ізварине,null,null,null,49.204126628,28.604424435,Патрульна поліція Національна полці України,null,null,50,null,null,null,null
223,null,null,21000,Україна,Вінницька область,null,null,Вінницька область,Стрий-Умань-Дніпро-Ізварине,null,null,null,48.809418482,29.405347015,Патрульна поліція Національна полці України,null,null,50,null,null,null,null
224,null,null,21000,Україна,Вінницька область,null,null,Вінницька область,Стрий-Умань-Дніпро-Ізварине,null,null,null,48.809323749,29.408132621,Патрульна поліція Національна полці України,null,null,50,null,null,null,null
225,null,null,21000,Україна,Вінницька область,null,null,Вінницька область,Стрий-Умань-Дніпро-Ізварине,null,null,null,49.202932779,28.607569741,Патрульна поліція Національна полці України,null,null,50,null,null,null,null
226,null,null,21000,Україна,Вінницька область,null,null,Вінницька область,Стрий-Умань-Дніпро-Ізварине,null,null,null,49.258878911,28.298919312,Патрульна поліція Національна полці України,null,null,50,null,null,null,null
227,null,null,21000,Україна,Вінницька область,null,null,Вінницька область,Стрий-Умань-Дніпро-Ізварине,null,null,null,49.1124126,28.7003908,Патрульна поліція Національна полці України,null,null,50,null,null,null,null
228,null,null,21000,Україна,Вінницька область,null,null,Вінницька область,Стрий-Умань-Дніпро-Ізварине,null,null,null,49.275977,28.268218,Патрульна поліція Національна полці України,null,null,50,null,null,null,null
229,null,null,21000,Україна,Вінницька область,null,null,Вінницька область,Стрий-Умань-Дніпро-Ізварине,null,null,null,49.276251,28.266966,Патрульна поліція Національна полці України,null,null,50,null,null,null,null
230,null,null,43000,Україна,Волинська область,null,null,Волинська область,Київ-Ковель-Ягодин,null,null,null,51.202459843,24.663809295,Патрульна поліція Національна полці України,null,null,50,null,null,null,null
231,null,null,43000,Україна,Волинська область,null,null,Волинська область,Доманове-Ковель-Чернівці-Тереблече,null,null,null,50.808389,25.303111,Патрульна поліція Національна полці України,null,null,50,null,null,null,null
232,null,null,43000,Україна,Волинська область,null,null,Волинська область,Доманове-Ковель-Чернівці-Тереблече,null,null,null,50.879893631,25.222557619,Патрульна поліція Національна полці України,null,null,50,null,null,null,null
233,null,null,43000,Україна,Волинська область,null,null,Волинська область,Доманове-Ковель-Чернівці-Тереблече,null,null,null,50.917254,25.206143,Патрульна поліція Національна полці України,null,null,50,null,null,null,null
234,null,null,43000,Україна,Волинська область,null,null,Волинська область,Ковель ‒ Володимир ‒ Червоноград ‒ Жовква,null,null,null,50.742417,24.158703,Патрульна поліція Національна полці України,null,null,50,null,null,null,null
235,null,null,43000,Україна,Волинська область,null,null,Волинська область,Ковель ‒ Володимир ‒ Червоноград ‒ Жовква,null,null,null,50.726370,24.152168,Патрульна поліція Національна полці України,null,null,50,null,null,null,null
236,null,null,43000,Україна,Волинська область,null,null,Волинська область,Устилуг-Луцьк-Рівне,null,null,null,50.8204404,24.3817723,Патрульна поліція Національна полці України,null,null,50,null,null,null,null
237,null,null,43000,Україна,Волинська область,null,null,Волинська область,Устилуг-Луцьк-Рівне,null,null,null,50.744346832,25.243019272,Патрульна поліція Національна полці України,null,null,50,null,null,null,null
238,null,null,43000,Україна,Волинська область,null,null,Волинська область,Устилуг-Луцьк-Рівне,null,null,null,50.779361,24.858139,Патрульна поліція Національна полці України,null,null,50,null,null,null,null
239,null,null,43000,Україна,Волинська область,null,null,Волинська область,Устилуг-Луцьк-Рівне,null,null,null,50.781621,25.733929,Патрульна поліція Національна полці України,null,null,50,null,null,null,null
240,null,null,43000,Україна,Волинська область,null,null,Волинська область,Устилуг-Луцьк-Рівне,null,null,null,50.770055,25.008017,Патрульна поліція Національна полці України,null,null,50,null,null,null,null
241,null,null,43000,Україна,Волинська область,null,null,Волинська область,Устилуг-Луцьк-Рівне,null,null,null,50.765066,25.493780,Патрульна поліція Національна полці України,null,null,50,null,null,null,null
242,null,null,43000,Україна,Волинська область,null,null,Волинська область,Устилуг-Луцьк-Рівне,null,null,null,50.748750,25.450667,Патрульна поліція Національна полці України,null,null,50,null,null,null,null
243,null,null,43000,Україна,Волинська область,null,null,Волинська область,Устилуг-Луцьк-Рівне,null,null,null,50.746036018,25.411222638,Патрульна поліція Національна полці України,null,null,50,null,null,null,null
244,null,null,43000,Україна,Волинська область,null,null,Волинська область,Доманове - Тереблече,null,null,null,51.183526,24.796231,Патрульна поліція Національна полці України,null,null,51,null,null,в напрямку м. Луцьк,null
245,null,null,10001,Україна,Житомирська область,null,null,Житомирська область,Київ-Чоп,null,null,null,50.342752848,29.226628504,Патрульна поліція Національна полці України,null,null,110,null,null,null,null
246,null,null,10001,Україна,Житомирська область,null,null,Житомирська область,Київ-Чоп,null,null,null,50.341938862,29.223532982,Патрульна поліція Національна полці України,null,null,110,null,null,null,null
247,null,null,10001,Україна,Житомирська область,null,null,Житомирська область,Київ-Чоп,null,null,null,50.336206479,29.188069455,Патрульна поліція Національна полці України,null,null,110,null,null,null,null
248,null,null,10001,Україна,Житомирська область,null,null,Житомирська область,Київ-Чоп,null,null,null,50.335189592,29.18363081,Патрульна поліція Національна полці України,null,null,110,null,null,null,null
249,null,null,10001,Україна,Житомирська область,null,null,Житомирська область,Київ-Чоп,null,null,null,50.316699761,28.426503431,Патрульна поліція Національна полці України,null,null,110,null,null,null,null
250,null,null,10001,Україна,Житомирська область,null,null,Житомирська область,Київ-Чоп,null,null,null,50.400617167,28.245123459,Патрульна поліція Національна полці України,null,null,110,null,null,null,null
251,null,null,10001,Україна,Житомирська область,null,null,Житомирська область,Київ-Чоп,null,null,null,50.286725962,28.823627863,Патрульна поліція Національна полці України,null,null,110,null,null,null,null
252,null,null,10001,Україна,Житомирська область,null,null,Житомирська область,Київ-Чоп,null,null,null,50.609254192,27.586373165,Патрульна поліція Національна полці України,null,null,110,null,null,null,null
253,null,null,10001,Україна,Житомирська область,null,null,Житомирська область,Київ-Чоп,null,null,null,50.607833,27.365667,Патрульна поліція Національна полці України,null,null,70,null,null,null,null
254,null,null,10001,Україна,Житомирська область,null,null,Житомирська область,Київ-Чоп,null,null,null,50.607745,27.364551,Патрульна поліція Національна полці України,null,null,70,null,null,null,null
255,null,null,10001,Україна,Житомирська область,null,null,Житомирська область,Київ-Чоп,null,null,null,50.618894,27.609172,Патрульна поліція Національна полці України,null,null,70,null,null,в напрямку м. Київ,null
256,null,null,10001,Україна,Житомирська область,null,null,Житомирська область,Виступовичі–Житомир–Могилів-Подільський,null,null,null,50.169457805,28.655706177,Патрульна поліція Національна полці України,null,null,50,null,null,null,null
257,null,null,10001,Україна,Житомирська область,null,null,Житомирська область,Виступовичі–Житомир–Могилів-Подільський,null,null,null,50.344862,28.690257,Патрульна поліція Національна полці України,null,null,50,null,null,null,null
258,null,null,10001,Україна,Житомирська область,null,null,Житомирська область,Виступовичі–Житомир–Могилів-Подільський,null,null,null,49.828292,28.626459,Патрульна поліція Національна полці України,null,null,50,null,null,null,null
259,null,null,88000,Україна,Закарпатська область,null,null,Закарпатська область,Київ-Чоп,null,null,null,48.471466833,22.600404833,Патрульна поліція Національна полці України,null,null,50,null,null,null,null
260,null,null,88000,Україна,Закарпатська область,null,null,Закарпатська область,Київ-Чоп,null,null,null,48.456472989,22.701987568,Патрульна поліція Національна полці України,null,null,50,null,null,null,null
261,null,null,88000,Україна,Закарпатська область,null,null,Закарпатська область,Київ-Чоп,null,null,null,48.579194,22.323477,Патрульна поліція Національна полці України,null,null,50,null,null,null,null
262,null,null,88000,Україна,Закарпатська область,null,null,Закарпатська область,Київ-Чоп,null,null,null,48.559950,22.950553,Патрульна поліція Національна полці України,null,null,90,null,null,null,null
263,null,null,88000,Україна,Закарпатська область,null,null,Закарпатська область,Мукачево-Львів,null,null,null,48.020372994,23.55218902,Патрульна поліція Національна полці України,null,null,50,null,null,null,null
264,null,null,88000,Україна,Закарпатська область,null,null,Закарпатська область,Мукачево-Львів,null,null,null,48.009847413,23.592155539,Патрульна поліція Національна полці України,null,null,50,null,null,null,null
265,null,null,88000,Україна,Закарпатська область,null,null,Закарпатська область,Мукачево-Львів,null,null,null,48.437944,22.747444,Патрульна поліція Національна полці України,null,null,50,null,null,null,null
266,null,null,88000,Україна,Закарпатська область,null,null,Закарпатська область,Львів-Самбір-Ужгород,null,null,null,48.674028,22.389333,Патрульна поліція Національна полці України,null,null,50,null,null,null,null
267,null,null,88000,Україна,Закарпатська область,null,null,Закарпатська область,Берегове-Виноградів-Велика Копаня,null,null,null,48.13973599,22.996342544,Патрульна поліція Національна полці України,null,null,50,null,null,null,null
268,null,null,88000,Україна,Закарпатська область,null,null,Закарпатська область,Берегове-Виноградів-Велика Копаня,null,null,null,48.159415543,23.042321071,Патрульна поліція Національна полці України,null,null,50,null,null,null,null
269,null,null,88000,Україна,Закарпатська область,null,null,Закарпатська область,Іршава-Виноградів,null,null,null,48.309678618,23.033015825,Патрульна поліція Національна полці України,null,null,50,null,null,null,null
270,null,null,88000,Україна,Закарпатська область,null,null,Закарпатська область,"Обхід м. Ужгорода – КПП ""Ужгород""",null,null,null,48.641194,22.314083,Патрульна поліція Національна полці України,null,null,50,null,null,null,null
271,null,null,76000,Україна,Івано-Франківська область,null,null,Івано-Франківська область,Мукачево-Львів,null,null,null,48.981222,24.706028,Патрульна поліція Національна полці України,null,null,50,null,null,null,null
272,null,null,76000,Україна,Івано-Франківська область,null,null,Івано-Франківська область,Мукачево-Львів,null,null,null,48.461485927,24.564931279,Патрульна поліція Національна полці України,null,null,50,null,null,null,null
273,null,null,76000,Україна,Івано-Франківська область,null,null,Івано-Франківська область,Мукачево-Львів,null,null,null,48.436117158,24.549702187,Патрульна поліція Національна полці України,null,null,50,null,null,null,null
274,null,null,76000,Україна,Івано-Франківська область,null,null,Івано-Франківська область,Мукачево-Львів,null,null,null,48.370277251,24.563171632,Патрульна поліція Національна полці України,null,null,50,null,null,null,null
275,null,null,76000,Україна,Івано-Франківська область,null,null,Івано-Франківська область,Мукачево-Львів,null,null,null,48.358372,24.563541,Патрульна поліція Національна полці України,null,null,50,null,null,null,null
276,null,null,76000,Україна,Івано-Франківська область,null,null,Івано-Франківська область,Мукачево-Львів,null,null,null,48.577230,24.601121,Патрульна поліція Національна полці України,null,null,50,null,null,null,null
277,null,null,76000,Україна,Івано-Франківська область,null,null,Івано-Франківська область,Мукачево-Львів,null,null,null,48.656498,24.582732,Патрульна поліція Національна полці України,null,null,50,null,null,null,null
278,null,null,76000,Україна,Івано-Франківська область,null,null,Івано-Франківська область,Мукачево-Львів,null,null,null,48.969389,4.704528,Патрульна поліція Національна полці України,null,null,90,null,null,у напрямку с. Ямниця,null
279,null,null,76000,Україна,Івано-Франківська область,null,null,Івано-Франківська область,Стрий - Івано-Франківськ - Чернівці - Мамалига,null,null,null,48.474211,25.314550,Патрульна поліція Національна полці України,null,null,50,null,null,null,null
280,null,null,76000,Україна,Івано-Франківська область,null,null,Івано-Франківська область,Стрий - Івано-Франківськ - Чернівці - Мамалига,null,null,null,49.009389,24.569194,Патрульна поліція Національна полці України,null,null,50,null,null,null,null
281,null,null,76000,Україна,Івано-Франківська область,null,null,Івано-Франківська область,Стрий - Івано-Франківськ - Чернівці - Мамалига,null,null,null,48.815472,24.844611,Патрульна поліція Національна полці України,null,null,50,null,null,null,null
282,null,null,76000,Україна,Івано-Франківська область,null,null,Івано-Франківська область,Стрий - Івано-Франківськ - Чернівці - Мамалига,null,null,null,48.789417,24.859556,Патрульна поліція Національна полці України,null,null,50,null,null,null,null
283,null,null,76000,Україна,Івано-Франківська область,null,null,Івано-Франківська область,Стрий - Івано-Франківськ - Чернівці - Мамалига,null,null,null,"49.010972,",24.377111,Патрульна поліція Національна полці України,null,null,50,null,null,null,null
284,null,null,76000,Україна,Івано-Франківська область,null,null,Івано-Франківська область,Стрий-Мамалига,null,null,null,49.005333,24.247611,Патрульна поліція Національна полці України,null,null,50,null,null,у напрямку с. Пійло,null
285,null,null,76000,Україна,Івано-Франківська область,null,null,Івано-Франківська область,Стрий-Мамалига,null,null,null,48.983361,24.636333,Патрульна поліція Національна полці України,null,null,50,null,null,у напрямку с. Майдан,null
286,null,null,76000,Україна,Івано-Франківська область,null,null,Івано-Франківська область,Стрий-Мамалига,null,null,null,48.476601,25.258786,Патрульна поліція Національна полці України,null,null,50,null,null,у напрямку м. Коломия,null
287,null,null,76000,Україна,Івано-Франківська область,null,null,Івано-Франківська область,Мукачево - Львів,null,null,null,48.409848,24.602904,Патрульна поліція Національна полці України,null,null,50,null,null,null,null
288,null,null,79000,Україна,Львівська область,null,null,Львівська область,Київ-Чоп,null,null,null,49.070500,23.562222,Патрульна поліція Національна полці України,null,null,50,null,null,null,null
289,null,null,79000,Україна,Львівська область,null,null,Львівська область,Київ-Чоп,null,null,null,49.244778,23.852861,Патрульна поліція Національна полці України,null,null,50,null,null,null,null
290,null,null,79000,Україна,Львівська область,null,null,Львівська область,Київ-Чоп,null,null,null,50.069273022,25.165741312,Патрульна поліція Національна полці України,null,null,50,null,null,null,null
291,null,null,79000,Україна,Львівська область,null,null,Львівська область,Київ-Чоп,null,null,null,49.969215076,24.592883054,Патрульна поліція Національна полці України,null,null,50,null,null,null,null
292,null,null,79000,Україна,Львівська область,null,null,Львівська область,Київ-Чоп,null,null,null,49.768767006,24.020769109,Патрульна поліція Національна полці України,null,null,90,null,null,null,null
293,null,null,79000,Україна,Львівська область,null,null,Львівська область,Київ-Чоп (у напрямку м. Львів),null,null,null,49.901777285,24.149771233,Патрульна поліція Національна полці України,null,null,50,null,null,null,null
294,null,null,79000,Україна,Львівська область,null,null,Львівська область,Київ-Чоп (у напрямку м. Луцьк),null,null,null,49.901947333,24.149546479,Патрульна поліція Національна полці України,null,null,50,null,null,null,null
295,null,null,79000,Україна,Львівська область,null,null,Львівська область,Київ-Чоп,null,null,null,49.917198672,24.201384075,Патрульна поліція Національна полці України,null,null,50,null,null,null,null
296,null,null,79000,Україна,Львівська область,null,null,Львівська область,Київ-Чоп,null,null,null,49.798920114,24.147072386,Патрульна поліція Національна полці України,null,null,50,null,null,null,null
297,null,null,79000,Україна,Львівська область,null,null,Львівська область,Київ-Чоп,null,null,null,49.800237371,24.147855496,Патрульна поліція Національна полці України,null,null,50,null,null,null,null
298,null,null,79000,Україна,Львівська область,null,null,Львівська область,Київ-Чоп,null,null,null,49.932608843,24.365490295,Патрульна поліція Національна полці України,null,null,50,null,null,null,null
299,null,null,79000,Україна,Львівська область,null,null,Львівська область,Київ-Чоп,null,null,null,49.748719024,24.014809349,Патрульна поліція Національна полці України,null,null,50,null,null,null,null
300,null,null,79000,Україна,Львівська область,null,null,Львівська область,Київ-Чоп,null,null,null,49.749283384,24.01485663,Патрульна поліція Національна полці України,null,null,50,null,null,null,null
301,null,null,79000,Україна,Львівська область,null,null,Львівська область,Київ-Чоп,null,null,null,48.887983156,23.250157489,Патрульна поліція Національна полці України,null,null,50,null,null,null,null
302,null,null,79000,Україна,Львівська область,null,null,Львівська область,Київ-Чоп,null,null,null,50.002740543,25.115215961,Патрульна поліція Національна полці України,null,null,50,null,null,null,null
303,null,null,79000,Україна,Львівська область,null,null,Львівська область,Київ-Чоп,null,null,null,49.510119,23.9610172,Патрульна поліція Національна полці України,null,null,50,null,null,у напрямку м. Львів,null
304,null,null,79000,Україна,Львівська область,null,null,Львівська область,Київ-Чоп,null,null,null,49.873379,24.164498,Патрульна поліція Національна полці України,null,null,50,null,null,у напрямку с. Кам'янопіль,null
305,null,null,79000,Україна,Львівська область,null,null,Львівська область,Київ-Чоп,null,null,null,49.093917,23.586250,Патрульна поліція Національна полці України,null,null,50,null,null,у напрямку м. Стрий,null
306,null,null,79000,Україна,Львівська область,null,null,Львівська область,Тернопіль-Львів-Рава-Руська,null,null,null,49.805139,24.767028,Патрульна поліція Національна полці України,null,null,50,null,null,null,null
307,null,null,79000,Україна,Львівська область,null,null,Львівська область,Тернопіль-Львів-Рава-Руська,null,null,null,49.949948026,24.056686643,Патрульна поліція Національна полці України,null,null,50,null,null,null,null
308,null,null,79000,Україна,Львівська область,null,null,Львівська область,Львів-Краковець,null,null,null,49.889861,23.806806,Патрульна поліція Національна полці України,null,null,50,null,null,null,null
309,null,null,79000,Україна,Львівська область,null,null,Львівська область,Західний обхід м. Львова,null,null,null,49.778094239,23.975539371,Патрульна поліція Національна полці України,null,null,50,null,null,null,null
310,null,null,79000,Україна,Львівська область,null,null,Львівська область,Західний обхід м. Львова,null,null,null,49.838564209,23.899195477,Патрульна поліція Національна полці України,null,null,50,null,null,null,null
311,null,null,79000,Україна,Львівська область,null,null,Львівська область,Львів-Шегині,null,null,null,49.80489745,23.817576377,Патрульна поліція Національна полці України,null,null,50,null,null,null,null
312,null,null,79000,Україна,Львівська область,null,null,Львівська область,Львів-Шегині,null,null,null,49.801861,23.242139,Патрульна поліція Національна полці України,null,null,50,null,null,null,null
313,null,null,79000,Україна,Львівська область,null,null,Львівська область,Львів-Шегині,null,null,null,49.801889,23.197194,Патрульна поліція Національна полці України,null,null,50,null,null,null,null
314,null,null,79000,Україна,Львівська область,null,null,Львівська область,Львів-Шегині,null,null,null,49.810882,23.855780,Патрульна поліція Національна полці України,null,null,50,null,null,null,null
315,null,null,79000,Україна,Львівська область,null,null,Львівська область,Львів-Шегині,null,null,null,49.800333,23.270835,Патрульна поліція Національна полці України,null,null,50,null,null,у напрямку с. Твіржа,null
316,null,null,79000,Україна,Львівська область,null,null,Львівська область,Львів-Шегині,null,null,null,49.788167,23.704694,Патрульна поліція Національна полці України,null,null,50,null,null,у напрямку м. Львів,null
317,null,null,79000,Україна,Львівська область,null,null,Львівська область,Мукачево-Львів,null,null,null,49.751861,24.141361,Патрульна поліція Національна полці України,null,null,50,null,null,null,null
318,null,null,79000,Україна,Львівська область,null,null,Львівська область,Львів - Радехів - Луцьк,null,null,null,49.952889246,24.204485539,Патрульна поліція Національна полці України,null,null,50,null,null,null,null
319,null,null,79000,Україна,Львівська область,null,null,Львівська область,Львів - Радехів - Луцьк,null,null,null,49.944268023,24.183025214,Патрульна поліція Національна полці України,null,null,50,null,null,null,null
320,null,null,79000,Україна,Львівська область,null,null,Львівська область,Львів - Шегині,null,null,null,49.804621,23.076628,Патрульна поліція Національна полці України,null,null,50,null,null,null,null
321,null,null,79000,Україна,Львівська область,null,null,Львівська область,Ковель - Володимир - Червоноград - Жовква,null,null,null,50.240647,24.138377,Патрульна поліція Національна полці України,null,null,50,null,null,у напрямку м. Шептицький,null
322,null,null,79000,Україна,Львівська область,null,null,Львівська область,Ковель - Володимир - Червоноград - Жовква,null,null,null,50.132694,24.052655,Патрульна поліція Національна полці України,null,null,50,null,null,у напрямку с. В'язова,null
323,null,null,79000,Україна,Львівська область,null,null,Львівська область,Львів - Пустомити - Меденичі,null,null,null,49.7528896,23.9413876,Патрульна поліція Національна полці України,null,null,50,null,null,у напрямку с. Наварія,null
324,null,null,54000,Україна,Миколаївська область,null,null,Миколаївська область,Київ-Одеса,null,null,null,47.974214384,30.309845019,Патрульна поліція Національна полці України,null,null,50,null,null,null,null
325,null,null,54000,Україна,Миколаївська область,null,null,Миколаївська область,Одеса – Мелітополь – Новоазовськ,null,null,null,47.019090726,31.995521962,Патрульна поліція Національна полці України,null,null,50,null,null,null,null
326,null,null,54000,Україна,Миколаївська область,null,null,Миколаївська область,Благовіщанське - Миколаїв,null,null,null,47.279035768,31.799938798,Патрульна поліція Національна полці України,null,null,50,null,null,null,null
327,null,null,65000,Україна,Одеська область,null,null,Одеська область,Київ-Одеса,null,null,null,46.503741863,30.632437794,Патрульна поліція Національна полці України,null,null,,null,null,null,null
328,null,null,65000,Україна,Одеська область,null,null,Одеська область,Київ-Одеса,null,null,null,47.355231,30.306011,Патрульна поліція Національна полці України,null,null,70,null,null,null,null
329,null,null,65000,Україна,Одеська область,null,null,Одеська область,Одеса – Рені (на м. Бухарест),null,null,null,46.135148,29.903858,Патрульна поліція Національна полці України,null,null,50,null,null,null,null
330,null,null,65000,Україна,Одеська область,null,null,Одеська область,Одеса – Рені (на м. Бухарест),null,null,null,46.002353,29.687943,Патрульна поліція Національна полці України,null,null,50,null,null,null,null
331,null,null,65000,Україна,Одеська область,null,null,Одеська область,Одеса – Рені (на м. Бухарест),null,null,null,45.952815,29.696134,Патрульна поліція Національна полці України,null,null,50,null,null,null,null
332,null,null,65000,Україна,Одеська область,null,null,Одеська область,Одеса – Рені (на м. Бухарест),null,null,null,45.702245,29.069458,Патрульна поліція Національна полці України,null,null,50,null,null,null,null
333,null,null,65000,Україна,Одеська область,null,null,Одеська область,Одеса – Рені (на м. Бухарест),null,null,null,45.406210,45.406210,Патрульна поліція Національна полці України,null,null,50,null,null,null,null
334,null,null,65000,Україна,Одеська область,null,null,Одеська область,Одеса – Рені (на м. Бухарест),null,null,null,45.372377,28.784710,Патрульна поліція Національна полці України,null,null,50,null,null,null,null
335,null,null,65000,Україна,Одеська область,null,null,Одеська область,Одеса – Рені (на м. Бухарест),null,null,null,45.325070,28.453992,Патрульна поліція Національна полці України,null,null,50,null,null,null,null
336,null,null,65000,Україна,Одеська область,null,null,Одеська область,Одеса – Рені (на м. Бухарест),null,null,null,46.416841,30.281000,Патрульна поліція Національна полці України,null,null,50,null,null,null,null
337,null,null,65000,Україна,Одеська область,null,null,Одеська область,Одеса – Рені (на м. Бухарест),null,null,null,46.474562,30.556013,Патрульна поліція Національна полці України,null,null,50,null,null,null,null
338,null,null,65000,Україна,Одеська область,null,null,Одеська область,Одеса – Рені,null,null,null,45.841872274,29.62793961,Патрульна поліція Національна полці України,null,null,50,null,null,у напрямку м. Рені,null
339,null,null,65000,Україна,Одеська область,null,null,Одеська область,Одеса – Рені,null,null,null,45.8370743,29.6220027,Патрульна поліція Національна полці України,null,null,50,null,null,у напрямку м. Рені,null
340,null,null,65000,Україна,Одеська область,null,null,Одеська область,Спаське-Вилково,null,null,null,45.73992806,29.44041905,Патрульна поліція Національна полці України,null,null,90,null,null,null,null
341,null,null,65000,Україна,Одеська область,null,null,Одеська область,Одеса - Южне,null,null,null,46.561677,30.831362,Патрульна поліція Національна полці України,null,null,90,null,null,null,null
342,null,null,65000,Україна,Одеська область,null,null,Одеська область,Одеса - Южне,null,null,null,46.570134,30.879270,Патрульна поліція Національна полці України,null,null,50,null,null,null,null
343,null,null,65000,Україна,Одеська область,null,null,м. Чорноморськ,перехр. вул. Захисників України та Віталія Шума,null,null,null,46.3030397,30.6417671,Патрульна поліція Національна полці України,null,null,50,null,null,автошлях Т-16-47,null
344,null,null,36000,Україна,Полтавська область,null,null,Полтавська область,Київ-Харків-Довжанський,null,null,null,50.225551501,32.506604115,Патрульна поліція Національна полці України,null,null,110,null,null,null,null
345,null,null,36000,Україна,Полтавська область,null,null,Полтавська область,Київ-Харків-Довжанський,null,null,null,49.600182049,34.272511689,Патрульна поліція Національна полці України,null,null,50,null,null,null,null
346,null,null,36000,Україна,Полтавська область,null,null,Полтавська область,Київ-Харків-Довжанський,null,null,null,49.604084021,34.341063764,Патрульна поліція Національна полці України,null,null,90,null,null,null,null
347,null,null,36000,Україна,Полтавська область,null,null,Полтавська область,Полтава-Олександрія,null,null,null,49.354218132,34.30253125,Патрульна поліція Національна полці України,null,null,50,null,null,null,null
348,null,null,46000,Україна,Тернопільська область,null,null,Тернопільська область,Тернопіль – Львів – Рава-Руська,null,null,null,49.607306,25.408278,Патрульна поліція Національна полці України,null,null,50,null,null,null,null
349,null,null,46000,Україна,Тернопільська область,null,null,Тернопільська область,Доманове-Ковель-Чернівці-Тереблече,null,null,null,49.682694,25.721639,Патрульна поліція Національна полці України,null,null,90,null,null,null,null
350,null,null,46000,Україна,Тернопільська область,null,null,Тернопільська область,Доманове-Ковель-Чернівці-Тереблече,null,null,null,49.497111,25.614028,Патрульна поліція Національна полці України,null,null,50,null,null,null,null
351,null,null,46000,Україна,Тернопільська область,null,null,Тернопільська область,Доманове-Ковель-Чернівці-Тереблече,null,null,null,49.155353,25.851281,Патрульна поліція Національна полці України,null,null,50,null,null,null,null
352,null,null,46000,Україна,Тернопільська область,null,null,Тернопільська область,Доманове-Ковель-Чернівці-Тереблече,null,null,null,49.985556,25.775750,Патрульна поліція Національна полці України,null,null,50,null,null,null,null
353,null,null,46000,Україна,Тернопільська область,null,null,Тернопільська область,Доманове-Ковель-Чернівці-Тереблече,null,null,null,49.574806,25.666361,Патрульна поліція Національна полці України,null,null,50,null,null,null,null
354,null,null,46000,Україна,Тернопільська область,null,null,Тернопільська область,Стрий-Умань-Дніпро-Ізварине,null,null,null,49.544722,25.646306,Патрульна поліція Національна полці України,null,null,50,null,null,null,null
355,null,null,46000,Україна,Тернопільська область,null,null,Тернопільська область,Стрий-Умань-Дніпро-Ізварине,null,null,null,49.532722,25.702417,Патрульна поліція Національна полці України,null,null,50,null,null,null,null
356,null,null,46000,Україна,Тернопільська область,null,null,Тернопільська область,Об’їзд м.Тернополя,null,null,null,49.572767,25.645289,Патрульна поліція Національна полці України,null,null,50,null,null,null,null
357,null,null,46000,Україна,Тернопільська область,null,null,Тернопільська область,Івано-Франківськ – Бучач – Тернопіль,null,null,null,49.090722,25.174861,Патрульна поліція Національна полці України,null,null,50,null,null,null,null
358,null,null,33000,Україна,Рівненська область,null,null,Рівненська область,Київ-Чоп,null,null,null,50.582574044,26.140464634,Патрульна поліція Національна полці України,null,null,110,null,null,null,null
359,null,null,33000,Україна,Рівненська область,null,null,Рівненська область,Київ-Чоп,null,null,null,50.295209156,25.614704258,Патрульна поліція Національна полці України,null,null,50,null,null,null,null
360,null,null,33000,Україна,Рівненська область,null,null,Рівненська область,Київ-Чоп,null,null,null,50.439047922,25.766674456,Патрульна поліція Національна полці України,null,null,50,null,null,null,null
361,null,null,33000,Україна,Рівненська область,null,null,Рівненська область,Київ-Чоп,null,null,null,50.572236453,26.276105653,Патрульна поліція Національна полці України,null,null,70,null,null,null,null
362,null,null,33000,Україна,Рівненська область,null,null,Рівненська область,Київ-Чоп,null,null,null,50.581444,26.316611,Патрульна поліція Національна полці України,null,null,50,null,null,null,null
363,null,null,33000,Україна,Рівненська область,null,null,Рівненська область,Київ-Чоп,null,null,null,50.587668,26.149632,Патрульна поліція Національна полці України,null,null,50,null,null,null,null
364,null,null,29000,Україна,Хмельницька область,null,null,Хмельницька область,Городище - Рівне - Старокостянтинів,null,null,null,50.185583,27.039306,Патрульна поліція Національна полці України,null,null,50,null,null,null,null
365,null,null,18000,Україна,Черкаська область,null,null,Черкаська область,Стрий-Умань-Дніпро-Ізварине,null,null,null,48.734109,30.157576,Патрульна поліція Національна полці України,null,null,90,null,null,null,null
366,null,null,18000,Україна,Черкаська область,null,null,Черкаська область,Стрий-Умань-Дніпро-Ізварине,null,null,null,48.734140,30.164618,Патрульна поліція Національна полці України,null,null,50,null,null,null,null
367,null,null,58000,Україна,Чернівецька область,null,null,Чернівецька область,Криворівня-Чернівці,null,null,null,48.186300,25.779690,Патрульна поліція Національна полці України,null,null,50,null,null,null,null
368,null,null,14000,Україна,Чернігівська область,null,null,Чернігівська область,Київ-Чернігів-Нові Яриловичі,null,null,null,51.208031974,31.213326247,Патрульна поліція Національна полці України,null,null,50,null,null,null,null
369,null,null,14000,Україна,Чернігівська область,null,null,Чернігівська область,Чернігів - Чорнобиль,null,null,null,51.467590,31.225893,Патрульна поліція Національна полці України,null,null,50,null,null,null,null
370,null,null,14000,Україна,Чернігівська область,null,null,Чернігівська область,Кіпті-Глухів-Бачівськ,null,null,null,51.329269432,32.894985735,Патрульна поліція Національна полці України,null,null,50,null,null,у напрямку с. Бобрик,null
371,null,null,14000,Україна,Чернігівська область,null,null,Чернігівська область,Чернігів-Мена-Сосниця-Грем’яч,null,null,null,51.542763082,31.441879815,Патрульна поліція Національна полці України,null,null,50,null,null,null,null
372,null,null,14000,Україна,Чернігівська область,null,null,Чернігівська область,Київ-Чернігів-Нові Яриловичі,null,null,null,51.208031974,31.213326247,Патрульна поліція Національна полці України,null,null,50,null,null,null,null
373,null,null,14000,Україна,Чернігівська область,null,null,Чернігівська область,Чернігів - Чорнобиль,null,null,null,51.467590,31.225893,Патрульна поліція Національна полці України,null,null,50,null,null,null,null
374,null,null,14000,Україна,Чернігівська область,null,null,Чернігівська область,Кіпті-Глухів-Бачівськ,null,null,null,51.329269432,32.894985735,Патрульна поліція Національна полці України,null,null,50,null,null,с. Бобрик,null
375,null,null,14000,Україна,Чернігівська область,null,null,Чернігівська область,Чернігів-Мена-Сосниця-Грем’яч,null,null,null,51.542763082,31.441879815,Патрульна поліція Національна полці України,null,null,50,null,null,null,null
376,null,null,49000,Україна,Дніпропетровська область,null,null,Дніпропетровська область,Стрий – Ізварине,null,null,null,48.5653405,35.1011315,Патрульна поліція Національна полці України,null,null,50,null,null,м. Дніпро,null
377,null,null,33000,Україна,Рівненська область,null,null,Рівне,вул. Млинівська,26,null,null,50.644500,26.203944,Патрульна поліція Національна полці України,null,null,50,null,null,вул. Князя Володимира,null
378,null,null,33000,Україна,Рівненська область,null,null,Рівне,вул. Київська,6,null,null,50.616694,26.271278,Патрульна поліція Національна полці України,null,null,50,null,null,вул. Клима Савура,null
379,null,null,33000,Україна,Рівненська область,null,null,Рівне,вул. Соборна,364,null,null,50.626917,26.224139,Патрульна поліція Національна полці України,null,null,50,null,null,вул. Коцюбинського,null
380,null,null,33000,Україна,Рівненська область,null,null,Рівне,вул. Захисників Маріуполя,5,null,null,50.619583,26.286333,Патрульна поліція Національна полці України,null,null,50,null,null,вул. Київська,null
381,null,null,33000,Україна,Рівненська область,null,null,Рівне,вул. Романа Шухевича,2,null,null,50.634306,26.265167,Патрульна поліція Національна полці України,null,null,50,null,null,вул. Богоявленська,null
382,null,null,33000,Україна,Рівненська область,null,null,Рівненська область,Київ - Чоп,null,null,null,50.605518,26.340630,Патрульна поліція Національна полці України,null,null,90,null,null,с. Колоденка,null
383,null,null,25000,Україна,Кіровоградська область,null,null,Кіровоградська область,Стрий-Ізварине,null,null,null,48.675674,32.890016,Патрульна поліція Національна полці України,null,null,50,null,null,м. Олександрія,null
384,null,null,18000,Україна,Черкаська область,null,null,Сміла,перехр. вулиць Незалежності - Олеся Гончара,null,null,null,49.229639,31.868611,Патрульна поліція Національна полці України,null,null,50,null,null,вул. 1 Грудня,null
385,null,null,33000,Україна,Рівненська область,null,null,Рівне,вул. Кулика і Гудачека,10,null,null,50.616306,26.206250,Патрульна поліція Національна полці України,null,null,50,null,null,вул. Млинівська,null
386,null,null,33000,Україна,Рівненська область,null,null,Рівне,перехр. вул. Соборна- В'ячеслава Чорновола - Міцкевича,null,null,null,50.619134,26.251968,Патрульна поліція Національна полці України,null,null,50,null,null,вул. Шопена,null
387,null,null,58000,Україна,Чернівецька область,null,null,Чернівці,вул. Січових Стрільців,6,null,null,48.289245,25.957433,Патрульна поліція Національна полці України,null,null,50,null,null,вул. Руська,null
388,null,null,79000,Україна,Львівська область,null,null,Львівська область,Львів-Шегині,null,null,null,49.803534,23.35322,Патрульна поліція Національна полці України,null,null,50,null,null,с. Шегині,null
389,null,null,49000,Україна,Дніпропетровська область,null,null,Дніпропетровська область,Бориспіль-Маріуполь,null,null,null,48.336179,35.026755,Патрульна поліція Національна полці України,null,null,50,null,null,м. Дніпро,null
390,null,null,43000,Україна,Волинська область,null,null,Волинська область,Ковель-Володимир-Червоноград-Жовква,null,null,null,50.748889,24.174667,Патрульна поліція Національна полці України,null,null,50,null,null,м. Володимир,null
391,null,null,88000,Україна,Закарпатська область,null,null,Закарпатська область,Київ-Чоп,null,null,null,48.571333,22.344306,Патрульна поліція Національна полці України,null,null,50,null,null,м. Ужгород,null
392,null,null,10001,Україна,Житомирська область,null,null,Житомир,вул. Покровська,21,null,null,50.260650,28.661180,Патрульна поліція Національна полці України,null,null,50,null,null,вул. Степана Бандери,null
393,null,null,10001,Україна,Житомирська область,null,null,Житомир,вул. Покровська,148 А,null,null,50.292845,28.656590,Патрульна поліція Національна полці України,null,null,50,null,null,вул. Паркова,null
394,null,null,10001,Україна,Житомирська область,null,null,Житомир,вул. Покровська,187,null,null,50.292893,28.656333,Патрульна поліція Національна полці України,null,null,50,null,null,пров. Луговий,null
395,null,null,18000,Україна,Черкаська область,null,null,Черкаська область,Золотоноша-Черкаси-Сміла-Умань,null,null,null,48.802962,30.560558,Патрульна поліція Національна полці України,null,null,50,null,null,с. Легедзине,null
396,null,null,58000,Україна,Чернівецька область,null,null,Чернівці,вул.Хотинська,3,null,null,48.316058,25.92331,Патрульна поліція Національна полці України,null,null,50,null,null,пров. 1-й Поштовий,null
397,null,null,18000,Україна,Черкаська область,null,null,Сміла,перехр. вул. Героїв Холодноярців - пров. Олексія Цибка,null,null,null,49.228917,31.906583,Патрульна поліція Національна полці України,null,null,50,null,null,вул. Лізи Чайкіної,null
398,null,null,88000,Україна,Закарпатська область,null,null,Закарпатська область,Київ-Чоп,null,null,null,48.571333,22.344306,Патрульна поліція Національна полці України,null,null,50,null,null,м. Мукачево,null
399,null,null,18000,Україна,Черкаська область,null,null,Черкаська область,Стрий-Умань-Дніпро-Ізварине,null,null,null,48.790500,29.934833,Патрульна поліція Національна полці України,null,null,70,null,null,с. Мала Севастянівка,null
400,null,null,54000,Україна,Миколаївська область,null,null,Миколаїв,перехрестя вул. Марка Кропивницького та вул. Інженерна,null,null,null,46.967682,32.000191,Патрульна поліція Національна полці України,null,null,50,null,null,вул. Громадянська,null
401,null,null,79000,Україна,Львівська область,null,null,Стрий,перехр. вул. Шевченка та Олесницького,null,null,null,49.257528,23.849306,Патрульна поліція Національна полці України,null,null,50,null,null,вул. 1-го листопада,null
402,null,null,43000,Україна,Волинська область,null,null,Волинська область,Доманово-Ковель-Чернівці-Тереблече,null,null,null,50.761083,25.400239,Патрульна поліція Національна полці України,null,null,50,null,null,с. Підгайці,null
403,null,null,43000,Україна,Волинська область,null,null,Волинська область,Доманово-Ковель-Чернівці-Тереблече,null,null,null,50.768917,25.399306,Патрульна поліція Національна полці України,null,null,50,null,null,с. Прилуцьке,null
404,null,null,88000,Україна,Закарпатська область,null,null,Закарпатська область,Львів-Самбір-Ужгород,null,null,null,48.662167,22.364528,Патрульна поліція Національна полці України,null,null,50,null,null,м. Ужгород,null
405,null,null,88000,Україна,Закарпатська область,null,null,Закарпатська область,Мукачево-Львів,null,null,null,48.361928,22.859482,Патрульна поліція Національна полці України,null,null,50,null,null,с. Лалово,null
406,null,null,33000,Україна,Рівненська область,null,null,Рівненська область,Київ-Чоп,null,null,null,50.609055,26.640870,Патрульна поліція Національна полці України,null,null,50,null,null,м. Київ,null
407,null,null,33000,Україна,Рівненська область,null,null,Рівненська область,Київ-Чоп,null,null,null,50.608738,26.640940,Патрульна поліція Національна полці України,null,null,50,null,null,м. Рівне,null
408,null,null,33000,Україна,Рівненська область,null,null,Рівненська область,Київ-Чоп,null,null,null,50.534167,26.042139,Патрульна поліція Національна полці України,null,null,50,null,null,м.Рівне,null
409,null,null,33000,Україна,Рівненська область,null,null,Рівненська область,Київ-Чоп,null,null,null,50.546111,26.066139,Патрульна поліція Національна полці України,null,null,50,null,null,м. Рівне,null
410,null,null,21000,Україна,Вінницька область,null,null,Вінницька область,Стрий-Умань-Дніпро-Ізварине,null,null,null,49.391199,27.885225,Патрульна поліція Національна полці України,null,null,50,null,null,с. Вербка,null
411,null,null,21000,Україна,Вінницька область,null,null,Вінницька область,Стрий-Умань-Дніпро-Ізварине,null,null,null,49.391234,27.886478,Патрульна поліція Національна полці України,null,null,50,null,null,c. Громадське,null
412,null,null,1001,Україна,Київська область,null,null,Київська область,Київ – Знам’янка,null,null,null,49.863920,30.829376,Патрульна поліція Національна полці України,null,null,50,null,null,с. Леонівка,null
413,null,null,1001,Україна,Київська область,null,null,Київська область,Київ – Знам’янка,null,null,null,49.873391,30.823603,Патрульна поліція Національна полці України,null,null,50,null,null,с. Леонівка,null
414,null,null,10001,Україна,Житомирська область,null,null,Житомирська область,Північний під’їзд до м. Бердичева,null,null,null,49.930267,28.603913,Патрульна поліція Національна полці України,null,null,50,null,null,м. Житомир,null
415,null,null,10001,Україна,Житомирська область,null,null,Житомир,перехр. просп. Незалежності - вул. Отаманів Соколовських,null,null,null,50.272938,28.666637,Патрульна поліція Національна полці України,null,null,50,null,null,вул. Івана Мазепи,null
416,null,null,10001,Україна,Житомирська область,null,null,Житомир,вул. Чуднівська,103,null,null,50.245238,28.638642,Патрульна поліція Національна полці України,null,null,50,null,null,пров. Політехнічний,null
417,null,null,79000,Україна,Львівська область,null,null,Львівська область,Тернопіль-Львів-Рава-Руська,null,null,null,49.815417,24.203444,Патрульна поліція Національна полці України,null,null,50,null,null,м. Львів,null
418,null,null,79000,Україна,Львівська область,null,null,Львівська область,Львів-Краковець,null,null,null,49.922342,23.728940,Патрульна поліція Національна полці України,null,null,50,null,null,м. Новояворівськ,null
419,null,null,46000,Україна,Тернопільська область,null,null,Тернопільська область,Доманово-Ковель-Чернівці-Тереблече,null,null,null,50.113487,25.692679,Патрульна поліція Національна полці України,null,null,50,null,null,с. Великі Млинівці,null
420,null,null,25000,Україна,Кіровоградська область,null,null,Кіровоградська область,Стрий-Умань-Дніпро-Ізварине,null,null,null,48.629940,31.063788,Патрульна поліція Національна полці України,null,null,50,null,null,с. Кринички,null
421,null,null,1001,Україна,Київська область,null,null,Київська область,Київ – Вишгород – Десна – Чернігів,null,null,null,50.585588,30.524827,Патрульна поліція Національна полці України,null,null,50,null,null,Київської ГЕС,null
422,null,null,1001,Україна,Київська область,null,null,Київська область,Київ-Суми-Юнаківка,null,null,null,50.525667,30.912694,Патрульна поліція Національна полці України,null,null,50,null,null,с. Гоголів,null
423,null,null,1001,Україна,Київська область,null,null,Київська область,Східний під'їзд до м. Броварів,null,null,null,50.564389,30.822333,Патрульна поліція Національна полці України,null,null,50,null,null,м. Бровари,null
424,null,null,1001,Україна,Київська область,null,null,Київська область,Київ – Ковель – Ягодин,null,null,null,50.547658,30.303145,Патрульна поліція Національна полці України,null,null,50,null,null,м. Київ,null
425,null,null,76000,Україна,Івано-Франківська область,null,null,Івано-Франківська область,,null,null,null,48.904972,24.825028,Патрульна поліція Національна полці України,null,null,50,null,null,м. Івано-Франківськ,null